video_id,video_title,video_published,channel_id,channel_title,view_count,like_count,comment_count,comment_id,author,comment,published_at
230x1z2eKVE,¬øPor qu√© LinkedIn ha dejado de mostrar tu contenido? (Y qu√© puedes hacer al respecto),2025-06-19T10:28:00Z,UCVEKr1uiurERtPiRR7mME4Q,H√©ctor Labarta,402,0,13,UgzUyQ0G-qTfu0MM9fB4AaABAg,@diegoparra2766,"Timestamps 
00:03 - Los cambios en el algoritmo de LinkedIn reducen significativamente la visibilidad del contenido.
01:40 - El algoritmo de LinkedIn prioriza el contenido de alto valor sobre las publicaciones virales pero vac√≠as.
03:14 - LinkedIn prioriza las publicaciones interactivas sobre el contenido de calidad para la visibilidad.
04:46 - El algoritmo de LinkedIn prioriza las publicaciones atractivas; poca interacci√≥n puede llevar a una reducci√≥n de visibilidad.
06:30 - Interactuar en comentarios aumenta el engagement y evita penalizaciones en LinkedIn.
08:06 - El contenido emocional y los formatos variados aumentan el engagement en LinkedIn.
09:35 - Publicar estrat√©gicamente en LinkedIn mejora la visibilidad y evita el caos algor√≠tmico.
11:02 - Reinventa tu estrategia de LinkedIn para una mayor participaci√≥n y visibilidad.
12:41 - Fomentar interacci√≥n en LinkedIn es clave para mejorar visibilidad.",2025-06-29T04:16:34Z
230x1z2eKVE,¬øPor qu√© LinkedIn ha dejado de mostrar tu contenido? (Y qu√© puedes hacer al respecto),2025-06-19T10:28:00Z,UCVEKr1uiurERtPiRR7mME4Q,H√©ctor Labarta,402,1,13,UgwWa5TfXZECWPxrJc94AaABAg,@RocioBetetaR,"Hablando de como ha cambiado LinkedIn, hay muchas publicaciones de gente con selfies donde lo que comentan no tiene nada que ver con la foto, o peor todav√≠a, sacar algo positivo a un accidente con fotos en hospitales.",2025-06-20T07:36:23Z
230x1z2eKVE,¬øPor qu√© LinkedIn ha dejado de mostrar tu contenido? (Y qu√© puedes hacer al respecto),2025-06-19T10:28:00Z,UCVEKr1uiurERtPiRR7mME4Q,H√©ctor Labarta,402,0,13,UgzjLJnzD1eivn6lAe94AaABAg,@TycheChannel,"llevo poco tiempo publicando y aun no comprendo bien el funcionamiento, pero si he notado como aparecen muchas publicaciones con el formato IA y otro efecto es el de copia y pega, mucha publicaci√≥n copiada con diferentes autores. Ahora estoy tratando de utilizar un formato carrusel apelando a un mensaje m√°s humano, que se note que no fue hecho (completamente) por una IA.",2025-06-19T19:38:44Z
230x1z2eKVE,¬øPor qu√© LinkedIn ha dejado de mostrar tu contenido? (Y qu√© puedes hacer al respecto),2025-06-19T10:28:00Z,UCVEKr1uiurERtPiRR7mME4Q,H√©ctor Labarta,402,0,13,UgxZg5kwnDTc2NcVnVB4AaABAg,@isabelperlita2710,"Hola H√©ctor! Te sigo hace un tiempo ya, aunque no busco trabajo y tengo una pyme de servicios me interesan muchos de tus v√≠deos, me gustar√≠a que nos dieras consejos para este tipo de empresas, publico trabajos realizados mediante v√≠deos y fotos y aunque tengo muchas visualizaciones pocas interacciones, publico personalmente y luego el LinkedIn de mi empresa comparte mis publicaciones s√© que esto puede ser contraproducente pero para aut√≥nomos y pymes sacar tiempo para publicar distintamente con los 2 perfiles es complicado üò¢  me gustar√≠a si me puedes recomendar alguna ayuda para que nos publiquen m√°s contenido t√©cnico sobre t√©cnicas de nuestro trabajo, experiencias que nos hemos encontrado en todos estos a√±os de trabajo, etc m√°s contenido de empresa en definitiva, si tienes contactos que se dediquen a llevar LinkedIn para empresas como nosotros, te lo agradezco de antemano 
Saludos!!",2025-06-19T15:38:21Z
230x1z2eKVE,¬øPor qu√© LinkedIn ha dejado de mostrar tu contenido? (Y qu√© puedes hacer al respecto),2025-06-19T10:28:00Z,UCVEKr1uiurERtPiRR7mME4Q,H√©ctor Labarta,402,0,13,UgwKpFucb3AyTgIhY_x4AaABAg,@solcontreras4731,"Yo reci√©n estoy empezando a crear contenido, y pens√© que era como el algoritmo de insta que despu√©s de una semana si no tuvo interacci√≥n el contenido se perdi√≥ y me encontr√© con que un carrusel que sub√≠ hace una semana en LinkedIn se empez√≥ a compartir ahora",2025-06-19T12:36:16Z
XBWTIPVkvnU,Empleo FERROVIAL. Trabajo. https://www.ferrovial.com/es-es/empleo/ofertas/,2025-06-16T14:01:56Z,UCVEKr1uiurERtPiRR7mME4Q,H√©ctor Labarta,1076,0,2,Ugx54-GARB3Sq3gdVTh4AaABAg,@RaulFernandez-v8q,Jajajaja si lo subcontrata todo menos los jefes de obra y encargados üòÇüòÇüòÇ,2025-06-17T22:23:13Z
XBWTIPVkvnU,Empleo FERROVIAL. Trabajo. https://www.ferrovial.com/es-es/empleo/ofertas/,2025-06-16T14:01:56Z,UCVEKr1uiurERtPiRR7mME4Q,H√©ctor Labarta,1076,0,2,Ugx0IzuXNC-KQpiOcld4AaABAg,@ocuenta5bunerito,üëèüëèüíØ,2025-06-17T17:15:50Z
UA0-btqzjaI,Ca√≠da CHATGPT,2025-06-10T18:20:36Z,UCVEKr1uiurERtPiRR7mME4Q,H√©ctor Labarta,677,0,1,UgxUiLnvfs4xElN6feV4AaABAg,@sararivera2085,Buen mi√©rcoles a todos..,2025-06-11T21:26:55Z
ul19fbocjK4,Los 10 Mandamientos de LinkedIn (si quieres que te funcione de verdad),2025-06-02T16:02:52Z,UCVEKr1uiurERtPiRR7mME4Q,H√©ctor Labarta,806,0,24,UgzYblOXguaXf__QyUZ4AaABAg,@julianmagra,Muy bueno! Te agradezco el video.,2025-06-18T18:28:33Z
ul19fbocjK4,Los 10 Mandamientos de LinkedIn (si quieres que te funcione de verdad),2025-06-02T16:02:52Z,UCVEKr1uiurERtPiRR7mME4Q,H√©ctor Labarta,806,0,24,UgzAVsxYe3zsc3lbFY14AaABAg,@jdtec8047,"Gracias por tu video, muy creativo y √∫til, confrontarivo ‚ù§",2025-06-16T17:26:08Z
ul19fbocjK4,Los 10 Mandamientos de LinkedIn (si quieres que te funcione de verdad),2025-06-02T16:02:52Z,UCVEKr1uiurERtPiRR7mME4Q,H√©ctor Labarta,806,0,24,UgyUCKeNE-z5nnY6NGF4AaABAg,@clarapatriciamontoyaparra1267,Muchas gracias!,2025-06-06T13:16:53Z
ul19fbocjK4,Los 10 Mandamientos de LinkedIn (si quieres que te funcione de verdad),2025-06-02T16:02:52Z,UCVEKr1uiurERtPiRR7mME4Q,H√©ctor Labarta,806,1,24,UgzYfpZtdZN_VRPYbhh4AaABAg,@NavalEngineerExplains,Crees que usar mis videos de youtube para hacer posteos es buena idea para posicionarme como experto en ing naval?,2025-06-04T19:58:47Z
ul19fbocjK4,Los 10 Mandamientos de LinkedIn (si quieres que te funcione de verdad),2025-06-02T16:02:52Z,UCVEKr1uiurERtPiRR7mME4Q,H√©ctor Labarta,806,0,24,Ugzsh0Qcdxra82IjgeJ4AaABAg,@norajurado1194,Mil gracias!,2025-06-03T05:46:15Z
ul19fbocjK4,Los 10 Mandamientos de LinkedIn (si quieres que te funcione de verdad),2025-06-02T16:02:52Z,UCVEKr1uiurERtPiRR7mME4Q,H√©ctor Labarta,806,0,24,UgzEInuWBpW3skD06Vd4AaABAg,@JorgeMartinez-sy1nc,Muy cierto todo lo que comentas!,2025-06-03T04:31:38Z
ul19fbocjK4,Los 10 Mandamientos de LinkedIn (si quieres que te funcione de verdad),2025-06-02T16:02:52Z,UCVEKr1uiurERtPiRR7mME4Q,H√©ctor Labarta,806,0,24,Ugyf_PqgI7wyMBi82JZ4AaABAg,@PedroDavidMendoza,"Muy √∫til, que opinas cuando un contenido tiene mas impresiones que cuentas alcanzadas vs cantidad de impresiones cercanas a cuentas alcanzadas ?",2025-06-03T03:02:35Z
ul19fbocjK4,Los 10 Mandamientos de LinkedIn (si quieres que te funcione de verdad),2025-06-02T16:02:52Z,UCVEKr1uiurERtPiRR7mME4Q,H√©ctor Labarta,806,0,24,UgyiaHK2C-VwK_-9nPN4AaABAg,@OscarSanchez-yp2xc,Porque no haces un curso en video?,2025-06-03T01:55:59Z
ul19fbocjK4,Los 10 Mandamientos de LinkedIn (si quieres que te funcione de verdad),2025-06-02T16:02:52Z,UCVEKr1uiurERtPiRR7mME4Q,H√©ctor Labarta,806,0,24,UgypMvbjuTub0xSoqMh4AaABAg,@maikdirocco,Gracias Hector!!,2025-06-03T01:15:40Z
ul19fbocjK4,Los 10 Mandamientos de LinkedIn (si quieres que te funcione de verdad),2025-06-02T16:02:52Z,UCVEKr1uiurERtPiRR7mME4Q,H√©ctor Labarta,806,0,24,UgxhywuOoLbLFHPxysJ4AaABAg,@ramonmoreno5429,Sos un genio !!!!!,2025-06-02T23:43:58Z
ul19fbocjK4,Los 10 Mandamientos de LinkedIn (si quieres que te funcione de verdad),2025-06-02T16:02:52Z,UCVEKr1uiurERtPiRR7mME4Q,H√©ctor Labarta,806,0,24,UgwGilMYeY_FotyJTux4AaABAg,@braispineiro1441,"El algoritmo a veces es un poco sinverg√ºenza que se come impresiones de la nada y dem√°s cosasüòí

Aun as√≠, como siempre un video muy muy TOP!!",2025-06-02T20:07:41Z
ul19fbocjK4,Los 10 Mandamientos de LinkedIn (si quieres que te funcione de verdad),2025-06-02T16:02:52Z,UCVEKr1uiurERtPiRR7mME4Q,H√©ctor Labarta,806,1,24,UgxI7_HRNwqEjeMoZjF4AaABAg,@dianamilenagomezzapata6137,"Gracias Hector. Tus consejos son claros, sencillos y muy valiosos.",2025-06-02T18:12:21Z
ul19fbocjK4,Los 10 Mandamientos de LinkedIn (si quieres que te funcione de verdad),2025-06-02T16:02:52Z,UCVEKr1uiurERtPiRR7mME4Q,H√©ctor Labarta,806,1,24,Ugwn4ChVTLPV2I5b1B54AaABAg,,"Muy buen video, gracias.",2025-06-02T17:50:03Z
fewWdQO0jy8,Evita el error  Venderte como 'cualquier cosa' ¬°NO funciona!,2025-05-29T06:00:37Z,UCVEKr1uiurERtPiRR7mME4Q,H√©ctor Labarta,431,0,1,UgyE-lqBChJ1VHptuSl4AaABAg,@administrativ4metas11,üîùüîù,2025-05-30T12:16:06Z
Z_HzVn_wO-0,LinkedIn  ¬°Interact√∫a o Desaparece! Consejos Clave en Espa√±ol,2025-05-28T06:00:25Z,UCVEKr1uiurERtPiRR7mME4Q,H√©ctor Labarta,1618,1,3,UgzO19gvAit-de0pRrt4AaABAg,@javierdeanda5414,"LinkedIn tiene una plataforma muy aburrida en general, la gente no interact√∫a, no responde, solo cuando pierden sus trabajos",2025-05-29T01:33:07Z
Z_HzVn_wO-0,LinkedIn  ¬°Interact√∫a o Desaparece! Consejos Clave en Espa√±ol,2025-05-28T06:00:25Z,UCVEKr1uiurERtPiRR7mME4Q,H√©ctor Labarta,1618,0,3,UgyMhivKruEtfQIskK54AaABAg,@FranciscoGarcia-of9tr,"¬°H√©ctor Labarta, me ha encantado tu publicaci√≥n sobre las publicaciones en LinkedIn!

Tienes toda la raz√≥n:Son fundamentales. Nos permiten conectar con much√≠simas personas que no conocemos, ampliando nuestra red.

Nunca sabemos cu√°ndo esas conexiones pueden ser vitales. Quiz√°s necesitemos contactar con alguien para un proyecto futuro o pedir ayuda para conectar con terceros.

Al final, se trata de una ayuda rec√≠proca que beneficia a todos.

¬°Gracias por destacar el valor de construir nuestra red profesional a trav√©s del contenido!",2025-05-28T06:20:40Z
5eVlaVXR9jo,Desempleo  C√≥mo Evitar Parecer Desesperado Consejos REALES,2025-05-26T06:00:04Z,UCVEKr1uiurERtPiRR7mME4Q,H√©ctor Labarta,1492,0,3,UgzDVIshrN2uPJVuBhp4AaABAg,@AngelNu√±ez-v2w,bueno tampoco est√° tan mal yo estoy paradiscobro mil quinientos al mesüòÖ,2025-05-26T06:26:12Z
8DUitTJRVhs,Herramienta FAVIKON para saber tu Marca Profesional en LinkedIn,2025-05-08T13:23:23Z,UCVEKr1uiurERtPiRR7mME4Q,H√©ctor Labarta,1629,2,2,UgxwL6cKuMwXkqTIqO14AaABAg,@hectorlabarta,https://youtu.be/i-YevtYj1rk,2025-05-08T13:23:47Z
8DUitTJRVhs,Herramienta FAVIKON para saber tu Marca Profesional en LinkedIn,2025-05-08T13:23:23Z,UCVEKr1uiurERtPiRR7mME4Q,H√©ctor Labarta,1629,0,2,UgzWBgd2Zao_jmuRfqd4AaABAg,@inpaco1m90,Muchas  gracias!!,2025-05-11T09:15:04Z
KmS4dr1ovSk,Por eso no superas los procesos de selecci√≥n.,2025-05-07T15:41:19Z,UCVEKr1uiurERtPiRR7mME4Q,H√©ctor Labarta,1555,1,3,UgxV0x5D2fTSZeB1iLh4AaABAg,@rafamrtin,"Holaa H√©ctor! Quer√≠a hacerte una pregunta, te he mandado un mail üòä",2025-05-07T17:53:33Z
MJhBczaszuA,La IA Revoluciona tu B√∫squeda de Empleo en JOBarcelona 2025!,2025-05-05T11:42:42Z,UCVEKr1uiurERtPiRR7mME4Q,H√©ctor Labarta,440,0,1,Ugz5VCL1MQCNH4PMt6N4AaABAg,@inpaco1m90,üëèüëèüíØ,2025-05-08T13:00:21Z
-V4QkQUswik,"Trabajo ACCIONA, empleo.",2025-04-30T13:22:24Z,UCVEKr1uiurERtPiRR7mME4Q,H√©ctor Labarta,1680,2,1,UgxyYDr9uvIThE7OlLx4AaABAg,@hectorlabarta,https://www.acciona.com/es/nuestro-proposito/trabaja-con-nosotros/ofertas-empleo,2025-04-30T13:22:49Z
wcJ64HmFYqY,Tutorial para tu foto de perfil f√°cil con Facetune.,2025-04-29T12:03:13Z,UCVEKr1uiurERtPiRR7mME4Q,H√©ctor Labarta,1074,0,17,Ugzx2ffSWcp06I3EhXF4AaABAg,@kerhierstokohousen-gm7bz,Gran video. Gracias.,2025-05-23T14:53:13Z
wcJ64HmFYqY,Tutorial para tu foto de perfil f√°cil con Facetune.,2025-04-29T12:03:13Z,UCVEKr1uiurERtPiRR7mME4Q,H√©ctor Labarta,1074,0,17,UgyJuHxw75Gq3unF3oZ4AaABAg,@Geordanoc,Excelente!!! muchas gracias por el aporte,2025-05-16T15:06:19Z
wcJ64HmFYqY,Tutorial para tu foto de perfil f√°cil con Facetune.,2025-04-29T12:03:13Z,UCVEKr1uiurERtPiRR7mME4Q,H√©ctor Labarta,1074,0,17,UgyjAfFDm_u5-ZGPa214AaABAg,@JulioC√©sarHern√°ndezdelaCru-j1k,"Muchas gracias H√©ctor, la voy a probar √©ste fin, pues s√≠ que se ve muy completa. Excelente aporte.",2025-05-16T05:48:08Z
wcJ64HmFYqY,Tutorial para tu foto de perfil f√°cil con Facetune.,2025-04-29T12:03:13Z,UCVEKr1uiurERtPiRR7mME4Q,H√©ctor Labarta,1074,0,17,UgxfbhBIjnwHm_PUax14AaABAg,@OscarSanchez-yp2xc,"no me sale la opcion de retrato. Lo instale en mi tablet y nada, despues in mi iphone y me pide de vuelta una suscripcion. Asi que ahi no mas cancele la suscripcion",2025-05-03T15:20:10Z
wcJ64HmFYqY,Tutorial para tu foto de perfil f√°cil con Facetune.,2025-04-29T12:03:13Z,UCVEKr1uiurERtPiRR7mME4Q,H√©ctor Labarta,1074,0,17,Ugwf5Rovv5ogx62tAER4AaABAg,@mariadelmararadominguez1812,üòÇüòÇüòÇ me parece muy üîù,2025-05-03T11:13:13Z
wcJ64HmFYqY,Tutorial para tu foto de perfil f√°cil con Facetune.,2025-04-29T12:03:13Z,UCVEKr1uiurERtPiRR7mME4Q,H√©ctor Labarta,1074,0,17,UgzDcQFaYx621t1Tzit4AaABAg,@Yara-1-1,"Es la bomba la aplicaci√≥n y pero m√°s bomba es H√©ctor Labarta!!!, suscribiros ya, es gratis y aprendes un mont√≥n. Venga, manita para arriba y suscripci√≥n en mano.",2025-04-30T15:05:36Z
wcJ64HmFYqY,Tutorial para tu foto de perfil f√°cil con Facetune.,2025-04-29T12:03:13Z,UCVEKr1uiurERtPiRR7mME4Q,H√©ctor Labarta,1074,1,17,UgwteAUJ9A9Gc7X1K154AaABAg,@SergioGonz√°lezFern√°ndez-z7z,Que genial eres H√©ctor!! üëèüèº,2025-04-30T10:25:37Z
wcJ64HmFYqY,Tutorial para tu foto de perfil f√°cil con Facetune.,2025-04-29T12:03:13Z,UCVEKr1uiurERtPiRR7mME4Q,H√©ctor Labarta,1074,0,17,Ugx4SRCsgYd_eMcqd6J4AaABAg,@alejandromonzon1622,Falta es que nos reemplace la cara xd,2025-04-29T20:58:52Z
wcJ64HmFYqY,Tutorial para tu foto de perfil f√°cil con Facetune.,2025-04-29T12:03:13Z,UCVEKr1uiurERtPiRR7mME4Q,H√©ctor Labarta,1074,1,17,UgzLwmr3Kbgxi-TVwrx4AaABAg,@cristinajimenezjimenez6813,"H√©ctor es seguro meter la tarjeta de cr√©dito? 
Por cierto, a ti no te hace falta la app, tienes un encanto natural inmejorable üòä
Gracias infinitas por seguir aportando valor.",2025-04-29T17:42:03Z
wcJ64HmFYqY,Tutorial para tu foto de perfil f√°cil con Facetune.,2025-04-29T12:03:13Z,UCVEKr1uiurERtPiRR7mME4Q,H√©ctor Labarta,1074,0,17,UgxGYowk01fVfBfJlvd4AaABAg,@BraveandPlay,Simplemente una pasada!!! voy a probarlo y te dir√© qu√© tal en mujeres ,2025-04-29T12:12:42Z
wcJ64HmFYqY,Tutorial para tu foto de perfil f√°cil con Facetune.,2025-04-29T12:03:13Z,UCVEKr1uiurERtPiRR7mME4Q,H√©ctor Labarta,1074,1,17,UgzXUuV_nIEGJ8sWvZR4AaABAg,@Miautasticos,Cada d√≠a te superas m√°s con los v√≠deos,2025-04-29T12:09:19Z
3w5uqvVi4KU,El mayor error al buscar empleo.,2025-04-25T17:37:44Z,UCVEKr1uiurERtPiRR7mME4Q,H√©ctor Labarta,163,0,3,Ugys3R7SepoqgY40vKd4AaABAg,@varsik289,"Pero y como investigar adecuadamente la empresa? 

No todo el mundo va a hablar de ella en internet ademas de que la empresa de por si va a intentar siempre quedar bien",2025-04-26T09:41:51Z
3w5uqvVi4KU,El mayor error al buscar empleo.,2025-04-25T17:37:44Z,UCVEKr1uiurERtPiRR7mME4Q,H√©ctor Labarta,163,0,3,Ugx3JF_-Hh4BHfSlgDN4AaABAg,@dapro48,"Buenas noches, muchas gracias H√©ctor, muy buen v√≠deo.
Buen d√≠a y que vaya todo bien ‚ù§",2025-04-25T22:17:46Z
lbLuIzrNEzk,"Ferrovial empleo, Trabajo! https://www.ferrovial.com/es-es/empleo/ofertas/",2025-04-22T08:47:03Z,UCVEKr1uiurERtPiRR7mME4Q,H√©ctor Labarta,1059,1,1,UgzWjIlpK3po_aZofvp4AaABAg,@hectorlabarta,https://www.ferrovial.com/es-es/empleo/ofertas/,2025-04-22T08:47:51Z
V61ibblObg8,¬øTambi√©n te pasa? El bucle de buscar empleo.,2025-04-15T11:40:32Z,UCVEKr1uiurERtPiRR7mME4Q,H√©ctor Labarta,1665,0,1,UgyW1YxGYDd1C6RMTmF4AaABAg,@pablomilani5601,Es que yo tengo m√°s a√±os que experiencia,2025-04-18T14:42:53Z
_sJGQtVSbpw,Telef√≥nica trabajo. https://www.telefonica.com/es/talento/,2025-04-13T08:00:42Z,UCVEKr1uiurERtPiRR7mME4Q,H√©ctor Labarta,1200,0,1,Ugw-dDkvIr_AhuP_QPl4AaABAg,@ocuenta5bunerito,üëèüëèüíØ,2025-04-15T11:55:44Z
tLBbtQuX5Nk,Trabajo Hoteles Meli√°. https://www.meliahotelsinternational.com/es/empleo,2025-04-12T08:00:55Z,UCVEKr1uiurERtPiRR7mME4Q,H√©ctor Labarta,1250,0,2,UgyJW7IHRH_HNhUdx1l4AaABAg,@julengomezgutierrez2229,1794 euros brutos Al mes verdad?,2025-04-12T18:51:47Z
e-lU6_8Wh4A,Empleo Grupo Carreras. https://www.grupocarreras.com/ofertas-de-empleo/,2025-04-11T13:50:40Z,UCVEKr1uiurERtPiRR7mME4Q,H√©ctor Labarta,1250,1,1,Ugy28PuW1YNaBWbOgAl4AaABAg,@hectorlabarta,https://www.grupocarreras.com/ofertas-de-empleo/,2025-04-11T13:52:32Z
AJ6IIjBjxkI,Esto es lo que nadie te dice sobre c√≥mo buscar trabajo en LinkedIn (y por qu√© no te llaman),2025-04-02T18:41:42Z,UCVEKr1uiurERtPiRR7mME4Q,H√©ctor Labarta,3328,0,22,UgyX4hFNEP0gf1tWspV4AaABAg,@bryancampos3572,hectro  buen  video  good job,2025-06-30T01:33:27Z
AJ6IIjBjxkI,Esto es lo que nadie te dice sobre c√≥mo buscar trabajo en LinkedIn (y por qu√© no te llaman),2025-04-02T18:41:42Z,UCVEKr1uiurERtPiRR7mME4Q,H√©ctor Labarta,3328,0,22,Ugw6gtG72To8LCicF0h4AaABAg,@Silvia_EnvejecimientoActivo,"Se supone que hablas del linkedin de pago, porque tener perfil gratuito mas de 5 a√±os y cerrarlo porque lo unico que recibi eran insultos y comentarios desagradables de gente desconocida, pues claro, elimine mi perfil.",2025-06-26T15:46:12Z
AJ6IIjBjxkI,Esto es lo que nadie te dice sobre c√≥mo buscar trabajo en LinkedIn (y por qu√© no te llaman),2025-04-02T18:41:42Z,UCVEKr1uiurERtPiRR7mME4Q,H√©ctor Labarta,3328,0,22,Ugy-MGrtJ1G7DqZirb94AaABAg,@lolapola-j8i,"en serio menos de 200 apariciones de b√∫squeda es un problema??? tengo s√≥lo 29, no puede ser porque el puesto que busco no es muy pedido?",2025-06-25T16:51:12Z
AJ6IIjBjxkI,Esto es lo que nadie te dice sobre c√≥mo buscar trabajo en LinkedIn (y por qu√© no te llaman),2025-04-02T18:41:42Z,UCVEKr1uiurERtPiRR7mME4Q,H√©ctor Labarta,3328,0,22,UgxTeYVsoOeLOFQKXtF4AaABAg,@jesusenriquerengifoaldana9727,"Buen√≠simo H√©ctor, agradezco mucho la informaci√≥n compartida!",2025-06-18T15:40:49Z
AJ6IIjBjxkI,Esto es lo que nadie te dice sobre c√≥mo buscar trabajo en LinkedIn (y por qu√© no te llaman),2025-04-02T18:41:42Z,UCVEKr1uiurERtPiRR7mME4Q,H√©ctor Labarta,3328,0,22,UgzOYmNlA7noqr2TGFl4AaABAg,@jedilady66,"Gracias, H√©ctor!!! Me dejas pensando mucho con las apariciones en b√∫squedas ¬øC√≥mo se mejora esto? Porque mi perfil no pasa de 2 semanales, y tengo muy pulido el SEO, t√≠tulo, banner. No publico casi porque no es lo m√≠o, y para sonar artificial, pues mejor no, pero lo dem√°s lo hago. ¬øEn qu√© puedo estar fallando?",2025-06-15T12:36:43Z
AJ6IIjBjxkI,Esto es lo que nadie te dice sobre c√≥mo buscar trabajo en LinkedIn (y por qu√© no te llaman),2025-04-02T18:41:42Z,UCVEKr1uiurERtPiRR7mME4Q,H√©ctor Labarta,3328,1,22,UgzBkE9xj_SNXfB2cjZ4AaABAg,@molgar99,has de ponerlo en ingles y en espa√±ol? por ejemplo; director de operaciones/ Operations director?,2025-06-09T15:00:45Z
AJ6IIjBjxkI,Esto es lo que nadie te dice sobre c√≥mo buscar trabajo en LinkedIn (y por qu√© no te llaman),2025-04-02T18:41:42Z,UCVEKr1uiurERtPiRR7mME4Q,H√©ctor Labarta,3328,0,22,UgwuGZNE6-xTocEs5mB4AaABAg,@lesleydelriofabre2103,ME ENCANT√ì TU V√çDEO!!! ‚ù§‚ù§‚ù§,2025-06-02T16:42:42Z
AJ6IIjBjxkI,Esto es lo que nadie te dice sobre c√≥mo buscar trabajo en LinkedIn (y por qu√© no te llaman),2025-04-02T18:41:42Z,UCVEKr1uiurERtPiRR7mME4Q,H√©ctor Labarta,3328,0,22,UgyHQI42XiCFzg1_8M94AaABAg,@Pitatito,"Gracias H√©ctor, optimizado mi linkedin gracias a tus consejos",2025-05-29T23:55:13Z
AJ6IIjBjxkI,Esto es lo que nadie te dice sobre c√≥mo buscar trabajo en LinkedIn (y por qu√© no te llaman),2025-04-02T18:41:42Z,UCVEKr1uiurERtPiRR7mME4Q,H√©ctor Labarta,3328,1,22,UgyCxANEEd9xoD3_6iN4AaABAg,@kerhierstokohousen-gm7bz,"¬°Gran video! Si no es mucho pedir, estar√≠a muy bien que mostraras casos tipo adaptado a las casu√≠sticas m√°s t√≠picas: caso ""promedio"" de reci√©n graduado (mi caso particular), profesional de mucha experiencia, etc.",2025-05-27T16:56:54Z
AJ6IIjBjxkI,Esto es lo que nadie te dice sobre c√≥mo buscar trabajo en LinkedIn (y por qu√© no te llaman),2025-04-02T18:41:42Z,UCVEKr1uiurERtPiRR7mME4Q,H√©ctor Labarta,3328,1,22,UgxcF2p9QktsoSxJuiF4AaABAg,@LUISHDM007,"Video super valioso, necesitamos l√≠deres as√≠ que nos abran los ojos y nos hagan reflexionar y reaccionar, gracias, es un video retador y estimulante",2025-05-15T23:06:35Z
AJ6IIjBjxkI,Esto es lo que nadie te dice sobre c√≥mo buscar trabajo en LinkedIn (y por qu√© no te llaman),2025-04-02T18:41:42Z,UCVEKr1uiurERtPiRR7mME4Q,H√©ctor Labarta,3328,0,22,UgxR198c9jr0Izm-jtl4AaABAg,@BeatrizAragon-rp9bv,"Buenas tardes Hector ..viendo el tutorial,  si oculto la visibilidad de mi perfil y estoy buscando empleo los que me puedan necesitar para un trabajo c√≥mo se dar√≠an cuenta de mi necesidad?",2025-05-06T17:19:00Z
AJ6IIjBjxkI,Esto es lo que nadie te dice sobre c√≥mo buscar trabajo en LinkedIn (y por qu√© no te llaman),2025-04-02T18:41:42Z,UCVEKr1uiurERtPiRR7mME4Q,H√©ctor Labarta,3328,1,22,UgyYy0f_jNTEgdoayst4AaABAg,,"Oye H√©ctor, ¬øYa viste lo nuevo que tiene LinkedIn para los banners? SlideShow, ahora se pueden agregar varias images que pasan solas estilo carrusel.",2025-04-24T21:01:02Z
AJ6IIjBjxkI,Esto es lo que nadie te dice sobre c√≥mo buscar trabajo en LinkedIn (y por qu√© no te llaman),2025-04-02T18:41:42Z,UCVEKr1uiurERtPiRR7mME4Q,H√©ctor Labarta,3328,0,22,Ugzt5fuyZJXUHGjgMjF4AaABAg,@leozetaful,Excelente,2025-04-23T17:06:33Z
AJ6IIjBjxkI,Esto es lo que nadie te dice sobre c√≥mo buscar trabajo en LinkedIn (y por qu√© no te llaman),2025-04-02T18:41:42Z,UCVEKr1uiurERtPiRR7mME4Q,H√©ctor Labarta,3328,0,22,UgxG-ww7DXdYO-8u_dR4AaABAg,@jordidelriofernandez,Acabo de cambiado el titulo !! tarea <2min - seg√∫n el m√©todo GTD - (<2min. hazlo) ,2025-04-03T10:47:04Z
AJ6IIjBjxkI,Esto es lo que nadie te dice sobre c√≥mo buscar trabajo en LinkedIn (y por qu√© no te llaman),2025-04-02T18:41:42Z,UCVEKr1uiurERtPiRR7mME4Q,H√©ctor Labarta,3328,0,22,Ugyi3VlNFbPIhYGQpJZ4AaABAg,@pablomilani5601,Ah√≠ fue mi segundo mensaje por Linkedin.,2025-04-03T09:57:21Z
ay8LVHnlCgM,Optimiza tu Perfil de LinkedIn  Atrae Oportunidades,2025-03-26T17:25:40Z,UCVEKr1uiurERtPiRR7mME4Q,H√©ctor Labarta,667,0,2,UgyXREqrhKAzhZtUSuV4AaABAg,@ocuenta5bunerito,üëèüëèüíØ,2025-04-11T19:36:02Z
ay8LVHnlCgM,Optimiza tu Perfil de LinkedIn  Atrae Oportunidades,2025-03-26T17:25:40Z,UCVEKr1uiurERtPiRR7mME4Q,H√©ctor Labarta,667,0,2,UgygtWYom5VFgHr4H_F4AaABAg,@mariamaestre8528,Total!üòÇ,2025-03-27T00:39:44Z
rE8nE8F4S2o,CV que pasa filtros + LinkedIn TOP + Entrevistas ganadoras,2025-03-25T12:59:31Z,UCVEKr1uiurERtPiRR7mME4Q,H√©ctor Labarta,1372,0,4,UgylJ6x1yyfxhmA5Tgx4AaABAg,@mauriciosoto4805,"Hola H√©ctor, interesante la informaci√≥n, recomiendas poner las palabras clave en ingles si esque mi trabajo tiene m√°s demanda en ese idioma?",2025-06-09T00:20:40Z
rE8nE8F4S2o,CV que pasa filtros + LinkedIn TOP + Entrevistas ganadoras,2025-03-25T12:59:31Z,UCVEKr1uiurERtPiRR7mME4Q,H√©ctor Labarta,1372,1,4,UgyZU_ASnWqoWHRc7N94AaABAg,@Sergio.Reynoso,"Hola Hector, me gusto el video üòÄ. ¬øPodes hacer un video de ATS por favor? Exitos con tu marca personal.",2025-04-07T12:36:51Z
O1SFSkjwwSI,EULEN empleo y trabajo: https://www.eulen.com/es/unete-a-nosotros/,2025-03-22T15:43:28Z,UCVEKr1uiurERtPiRR7mME4Q,H√©ctor Labarta,498,1,2,UgwjeDCkyNsSchb243V4AaABAg,@hectorlabarta,https://www.eulen.com/es/unete-a-nosotros/,2025-03-22T15:43:43Z
s6LiBN2Q1K8,CLECE empleo-trabajo: https://canaldeempleo.es/CLECE/go/CLECE/910702/,2025-03-22T15:26:32Z,UCVEKr1uiurERtPiRR7mME4Q,H√©ctor Labarta,562,1,1,UgyxroDNEbRNzqVnO_p4AaABAg,@hectorlabarta,https://clece.es/es/personas/trabajar-en-clece/,2025-03-22T15:44:15Z
H_wjncLVGn0,LinkedIn favoritismo o meritocracia?,2025-03-22T03:24:12Z,UCVEKr1uiurERtPiRR7mME4Q,H√©ctor Labarta,127,1,1,UgxLMzop_sE697yISqh4AaABAg,@idanialanda472,Saludos,2025-03-22T03:32:21Z
kfyJ8F9ma8s,"C√©ntrate en qu√© puedes ofrecer, no s√≥lo en qu√© quieres ganar.",2025-03-21T13:11:53Z,UCVEKr1uiurERtPiRR7mME4Q,H√©ctor Labarta,738,2,2,Ugxvz06-hm0E-3Vub4J4AaABAg,@jeastman19,"Yo he tenido empresa y he entrevistado para un par de empresas que no son m√≠as, es mi trabajo conseguir lo que necesito como empleador y es trabajo del candidato preocuparse por lo que √©l desea, no romanticemos tanto la b√∫squeda y de pensar que uno le hace un favor al otro, ambas partes est√°n tratando de suplir sus necesades.

Si quien lee esto, tiene la oportunidad de ser entrevistado por mi, no te preocupes, se sincero y habla de tus expectativas, no estoy buscando caridad, busco seres humanos para trabajar.",2025-03-23T02:26:50Z
MFW7poY_btE,Autoconocimiento: La Clave para Conseguir el Trabajo de Tus Sue√±os,2025-03-20T20:07:47Z,UCVEKr1uiurERtPiRR7mME4Q,H√©ctor Labarta,732,1,4,Ugz6q3dSM8uP5CKeYEl4AaABAg,@orlandoarmas1487,"Excelente para comenzar, despu√©s de 1 mes b√∫scando empleo!! pero tengo una duda H√©ctor, una vez que respondo las 4 preguntas con mucha sinceridad que hago con esas respuestas? armo o estructuro mi ACERCA DE en Linkedlin?",2025-04-29T03:10:04Z
MFW7poY_btE,Autoconocimiento: La Clave para Conseguir el Trabajo de Tus Sue√±os,2025-03-20T20:07:47Z,UCVEKr1uiurERtPiRR7mME4Q,H√©ctor Labarta,732,0,4,Ugyp1LZ6LRsf9wWrtwp4AaABAg,@angellemos350,MUY BUENA INFORMACION-- GRACIAS..,2025-04-01T23:04:45Z
J4A3w3kODz4,¬ø1 CV para todo o adaptarlo a cada oferta?,2025-03-19T11:44:38Z,UCVEKr1uiurERtPiRR7mME4Q,H√©ctor Labarta,561,0,1,UgxFe0P2neJMAJpOwYZ4AaABAg,@pilaraguilera9797,No nos sobra el tiempo. A m√≠ me faltan horas al d√≠a. Bstos.,2025-03-19T19:37:15Z
4W7wtgF_1iE,Trabajo Bimbo Ofertas Empleo: https://bimbo.ofertas-trabajo.infojobs.net/ofertas?pageIndex=1,2025-03-13T17:30:01Z,UCVEKr1uiurERtPiRR7mME4Q,H√©ctor Labarta,623,2,3,UgyKuBDbXDud1W55MQp4AaABAg,@hectorlabarta,https://bimbo.ofertas-trabajo.infojobs.net/ofertas?pageIndex=1,2025-03-13T17:30:14Z
4W7wtgF_1iE,Trabajo Bimbo Ofertas Empleo: https://bimbo.ofertas-trabajo.infojobs.net/ofertas?pageIndex=1,2025-03-13T17:30:01Z,UCVEKr1uiurERtPiRR7mME4Q,H√©ctor Labarta,623,0,3,Ugydw1f-1JhREB_vcgd4AaABAg,@alumexbg1524,"Buena oferta, parece pan comido (solo humor)",2025-03-14T05:43:01Z
4ZKMLEZmAdk,De bufete o de restaurante. Marca Profesional y Diferenciaci√≥n.,2025-03-12T13:32:51Z,UCVEKr1uiurERtPiRR7mME4Q,H√©ctor Labarta,529,0,1,UgyD94vQj9WR6AP-9AF4AaABAg,@mariamaestre8528,Ah√≠ le has dado! Un abrazo!,2025-03-12T13:41:55Z
3nbn-3e1rwI,C√≥mo Ser Visible en LinkedIn en 30 Minutos al D√≠a (Gu√≠a para Atraer Oportunidades),2025-03-11T12:21:54Z,UCVEKr1uiurERtPiRR7mME4Q,H√©ctor Labarta,7162,0,45,UgwOg5u6D7PxlUjEVnV4AaABAg,@jose_cavallini,Me posiciono para que el algoritmo de YouTube me siga recomendando contenido como este.,2025-06-24T00:26:33Z
3nbn-3e1rwI,C√≥mo Ser Visible en LinkedIn en 30 Minutos al D√≠a (Gu√≠a para Atraer Oportunidades),2025-03-11T12:21:54Z,UCVEKr1uiurERtPiRR7mME4Q,H√©ctor Labarta,7162,0,45,Ugx8SXeLRj3vPlm2IZl4AaABAg,@victorbou-83,Muy buen video y gran aporte. Suscrito!!,2025-06-21T08:43:53Z
3nbn-3e1rwI,C√≥mo Ser Visible en LinkedIn en 30 Minutos al D√≠a (Gu√≠a para Atraer Oportunidades),2025-03-11T12:21:54Z,UCVEKr1uiurERtPiRR7mME4Q,H√©ctor Labarta,7162,0,45,UgwX87FEm0nWeR5COD94AaABAg,@jdtec8047,Muy √∫tiles los tips..tengo dos preguntas: Para un principiante ¬øQu√© se recomienda poner en una solicitud personalizada? ¬øC√≥mo  obtener esa lista de empresas a las que m√°s convienen enviar solicitud?,2025-06-16T21:01:33Z
3nbn-3e1rwI,C√≥mo Ser Visible en LinkedIn en 30 Minutos al D√≠a (Gu√≠a para Atraer Oportunidades),2025-03-11T12:21:54Z,UCVEKr1uiurERtPiRR7mME4Q,H√©ctor Labarta,7162,0,45,UgztKpJjQ9m-RxJ6nC94AaABAg,@RicardoPerez-zz4th,"Hola, que pasa con los profesionales independiente que no buscamos trabajo de plantilla en una empresa, sino mas bien clientes que nos contraten para proyectos.",2025-06-02T02:46:38Z
3nbn-3e1rwI,C√≥mo Ser Visible en LinkedIn en 30 Minutos al D√≠a (Gu√≠a para Atraer Oportunidades),2025-03-11T12:21:54Z,UCVEKr1uiurERtPiRR7mME4Q,H√©ctor Labarta,7162,0,45,Ugx2MCcs-pGIBe_jRH14AaABAg,@margafierro,Gracias por el contenido!!!! Ya empec√© a seguir tus consejos... pero imposible hacerlo en 30 minutos üòÇüòÇüòÇ,2025-05-21T16:06:44Z
3nbn-3e1rwI,C√≥mo Ser Visible en LinkedIn en 30 Minutos al D√≠a (Gu√≠a para Atraer Oportunidades),2025-03-11T12:21:54Z,UCVEKr1uiurERtPiRR7mME4Q,H√©ctor Labarta,7162,0,45,Ugxs8f7ZU7Goi0YvHwh4AaABAg,@luisangelescobarcastrillon5668,"Saludo H√©ctor.  He tenido m√°s conocimiento en 30 minutos contigo que en informaci√≥n obtenida en 40 horas de investigaci√≥n a la semana.  Gracias, especialmente por su energ√≠a.  √âxitos.",2025-05-16T13:26:05Z
3nbn-3e1rwI,C√≥mo Ser Visible en LinkedIn en 30 Minutos al D√≠a (Gu√≠a para Atraer Oportunidades),2025-03-11T12:21:54Z,UCVEKr1uiurERtPiRR7mME4Q,H√©ctor Labarta,7162,3,45,UgxCvTBA1_BvKiszeMx4AaABAg,@soy-luisarrieta,"‚úçüèΩ

*Rutina de 30 minutos (Lunes a Viernes):*
- [5 min]: Mejorar una sola parte del perfil.
- [10 min] Comentar e interactuar en 3 a 5 publicaciones del sector.
- [5 min]: Enviar solicitudes personalizadas a 3 objetivos importantes.
- [5 min]: Crear contenido de alto valor con bajo esfuerzo.
- [5 min]: Investigar para mantener un aprendizaje activo.

*Errores:*
‚ùå Quedarse scrolleando masivamente y sin interactuar. Se debe ser selectivo para educar al algoritmo.
‚ùå Crear publicaciones sin sentido. Ser viral no significa posicionarse.
‚ùå Conectar con cualquier persona. Priorizar calidad por encima de cantidad.",2025-04-30T23:51:51Z
3nbn-3e1rwI,C√≥mo Ser Visible en LinkedIn en 30 Minutos al D√≠a (Gu√≠a para Atraer Oportunidades),2025-03-11T12:21:54Z,UCVEKr1uiurERtPiRR7mME4Q,H√©ctor Labarta,7162,0,45,UgwW0V-NSBQ1Pkgz9hx4AaABAg,@JorgeRBC,Excelente informaci√≥n suuuper √∫til!!!!,2025-04-29T14:06:56Z
3nbn-3e1rwI,C√≥mo Ser Visible en LinkedIn en 30 Minutos al D√≠a (Gu√≠a para Atraer Oportunidades),2025-03-11T12:21:54Z,UCVEKr1uiurERtPiRR7mME4Q,H√©ctor Labarta,7162,0,45,UgxJGD7-13rQb2EqNAV4AaABAg,@DanielaUnSue√±o,La explicaci√≥n empieza en el minuto 2:47 ‚ù§,2025-04-20T23:13:43Z
3nbn-3e1rwI,C√≥mo Ser Visible en LinkedIn en 30 Minutos al D√≠a (Gu√≠a para Atraer Oportunidades),2025-03-11T12:21:54Z,UCVEKr1uiurERtPiRR7mME4Q,H√©ctor Labarta,7162,0,45,Ugz_MoVDDSfSnOfsWRl4AaABAg,@vonhauslhuilliersrl,No es una critica es para que ud mejores x q es redundante en lo que dice. Y se pierde la atencion.,2025-04-19T16:22:07Z
3nbn-3e1rwI,C√≥mo Ser Visible en LinkedIn en 30 Minutos al D√≠a (Gu√≠a para Atraer Oportunidades),2025-03-11T12:21:54Z,UCVEKr1uiurERtPiRR7mME4Q,H√©ctor Labarta,7162,0,45,UgxQ_ZLzhKuE4pk2xBN4AaABAg,@vonhauslhuilliersrl,hablas muchoooo y aburre,2025-04-19T12:29:37Z
3nbn-3e1rwI,C√≥mo Ser Visible en LinkedIn en 30 Minutos al D√≠a (Gu√≠a para Atraer Oportunidades),2025-03-11T12:21:54Z,UCVEKr1uiurERtPiRR7mME4Q,H√©ctor Labarta,7162,0,45,UgznjVN_OPB9nKOSLGV4AaABAg,@LUISAGO7002,"Estimado H√©ctor Labarta.
La informaci√≥n dada es muy buena y estoy tratando de implementarla.
Me atrevo a hacerle una pregunta, soy profesional de la salud con casin10 a√±os de experiencia en Auditor√≠a M√©dica y es el campo que domino; sin embargo, quisiera usar linkedin como parte de mi estrategia tambi√©n para promocionar tecnolog√≠as de purificaci√≥n de ambientes que es un rubro en el que estoy iniciando...
Que me recomendar√≠as?",2025-04-02T03:17:53Z
3nbn-3e1rwI,C√≥mo Ser Visible en LinkedIn en 30 Minutos al D√≠a (Gu√≠a para Atraer Oportunidades),2025-03-11T12:21:54Z,UCVEKr1uiurERtPiRR7mME4Q,H√©ctor Labarta,7162,1,45,Ugx-Z-77rfuiYhsNr714AaABAg,@monicacortes1845,"Hola H√©ctor, te saludo desde M√©xico y te agradezco por compartir contenido de valor. Debo confesar que tambi√©n he pasado horas en LinkedIn y tus consejos me cambiaron la perspectiva. Cambiar√© la din√°mica y compartir√© mi experiencia. Gracias!",2025-03-24T23:10:41Z
3nbn-3e1rwI,C√≥mo Ser Visible en LinkedIn en 30 Minutos al D√≠a (Gu√≠a para Atraer Oportunidades),2025-03-11T12:21:54Z,UCVEKr1uiurERtPiRR7mME4Q,H√©ctor Labarta,7162,12,45,UgwU-_Qj__uu_lnGeYh4AaABAg,@albertosonseca,"Hola H√©ctor, podr√≠as hacer una secci√≥n en la que analices algunos perfiles de LinkedIn de tus seguidores, diciendo qu√© cosas se podr√≠an mejorar y as√≠ ver tu opini√≥n sobre ejemplos reales.",2025-03-24T11:04:17Z
3nbn-3e1rwI,C√≥mo Ser Visible en LinkedIn en 30 Minutos al D√≠a (Gu√≠a para Atraer Oportunidades),2025-03-11T12:21:54Z,UCVEKr1uiurERtPiRR7mME4Q,H√©ctor Labarta,7162,0,45,Ugx1fxMonKOGLcmH-dF4AaABAg,@leidybotero5444,"Me sirvi√≥ mucho esta informaci√≥n, a partir de hoy empiezo mi hora diaria. Muchas gracias valiosa informaci√≥n. 
Me gustar√≠a que me aclares bien sobre el programa Fitly para entrar a blogs y noticias de mi sector. ‚ù£Ô∏èüí´",2025-03-22T17:51:42Z
3nbn-3e1rwI,C√≥mo Ser Visible en LinkedIn en 30 Minutos al D√≠a (Gu√≠a para Atraer Oportunidades),2025-03-11T12:21:54Z,UCVEKr1uiurERtPiRR7mME4Q,H√©ctor Labarta,7162,1,45,UgxGx8MCYd_5aKpF-Cl4AaABAg,@Rodrigo.Martin.1.9.1.9,"Hola Hector, soy arqutiecto y he hecho una mastria de programacion para arquitectura, me dedico entre 2 y 3 horas al dia en crear algun video, imagenes, carruceles, etc. de las herramientas que creo yo mismo (Estas herramientas se llamas Plug-ins o ""Extensiones""), y luego publico esas cosas. Tengo un perfil de Linkedin desde hace como 3 a√±os, pero lo he empezado a usar recien hace unas 2 semanas, pase de tener 12 contactos a 300, tratando de que se acerquen a ese tema especificamente que he estudiado, pero todavia no he buscado especificamente CEOs o empresas para pedirles trabajo, trato de publicar y hablar con gente que hace cosas similares a las mias.

¬øEstoy haciendo bien?",2025-03-20T20:55:19Z
3nbn-3e1rwI,C√≥mo Ser Visible en LinkedIn en 30 Minutos al D√≠a (Gu√≠a para Atraer Oportunidades),2025-03-11T12:21:54Z,UCVEKr1uiurERtPiRR7mME4Q,H√©ctor Labarta,7162,0,45,UgwpprpEut1Do-CIzdx4AaABAg,@zatro1950,"Segundo video que veo y es muy interesante, eres mas did√°ctico y se puede entender lo que trasmites, no le tome mucha importancia a LinkedIn solo para empleo pero sin esperar nada, as√≠ que con t√∫ explicaci√≥n voy a explorar contenidos para publicar Gracias",2025-03-18T17:29:09Z
3nbn-3e1rwI,C√≥mo Ser Visible en LinkedIn en 30 Minutos al D√≠a (Gu√≠a para Atraer Oportunidades),2025-03-11T12:21:54Z,UCVEKr1uiurERtPiRR7mME4Q,H√©ctor Labarta,7162,0,45,UgxHlTY7pWpjyC4NjQN4AaABAg,@VivianaFida,"Clarito, Clarito! Gracias por tanta buena informaci√≥n!",2025-03-18T12:58:29Z
3nbn-3e1rwI,C√≥mo Ser Visible en LinkedIn en 30 Minutos al D√≠a (Gu√≠a para Atraer Oportunidades),2025-03-11T12:21:54Z,UCVEKr1uiurERtPiRR7mME4Q,H√©ctor Labarta,7162,0,45,Ugz3XudchPYLb1AGLw14AaABAg,@RAM-ce6mx,"Eso hace que me busquen m√°s para empleo? Porque cuando abr√≠ el linkedin y comenc√© a llenarlo, me contactaban reclutadores y despues de eso, nada!üòÇ",2025-03-14T23:25:37Z
3nbn-3e1rwI,C√≥mo Ser Visible en LinkedIn en 30 Minutos al D√≠a (Gu√≠a para Atraer Oportunidades),2025-03-11T12:21:54Z,UCVEKr1uiurERtPiRR7mME4Q,H√©ctor Labarta,7162,0,45,UgzhAZ6a34PoKCniPG94AaABAg,@entrenadev,Todo esto ayuda a encontrar empleo o simplemente a posicionarte en la red?,2025-03-14T10:06:52Z
3nbn-3e1rwI,C√≥mo Ser Visible en LinkedIn en 30 Minutos al D√≠a (Gu√≠a para Atraer Oportunidades),2025-03-11T12:21:54Z,UCVEKr1uiurERtPiRR7mME4Q,H√©ctor Labarta,7162,0,45,Ugyc2j3okj88Jblvwtx4AaABAg,@velascreativas2,"que progreso, hasta tu barba jejejejje ahpra si se ve organizaci√≥n jejje",2025-03-12T14:36:54Z
3nbn-3e1rwI,C√≥mo Ser Visible en LinkedIn en 30 Minutos al D√≠a (Gu√≠a para Atraer Oportunidades),2025-03-11T12:21:54Z,UCVEKr1uiurERtPiRR7mME4Q,H√©ctor Labarta,7162,0,45,Ugzr1Q1HIfomZWHoAY54AaABAg,@iris-f7w1j,"Hola, gracias por el video, linkedin solo deja mandar 5 invitaciones personalizadas al mes, que se puede hacer en su lugar?",2025-03-12T07:31:57Z
3nbn-3e1rwI,C√≥mo Ser Visible en LinkedIn en 30 Minutos al D√≠a (Gu√≠a para Atraer Oportunidades),2025-03-11T12:21:54Z,UCVEKr1uiurERtPiRR7mME4Q,H√©ctor Labarta,7162,1,45,UgyWxr4NRUJgyU3W-LZ4AaABAg,@juanantonioandreo2296,"H√©ctor, ¬ød√≥nde puedo encontar esa apliacci√≥n o web llamada Fitly? He buscado y s√≥lo encuentro una app destinada al deporte.",2025-03-11T16:29:12Z
3nbn-3e1rwI,C√≥mo Ser Visible en LinkedIn en 30 Minutos al D√≠a (Gu√≠a para Atraer Oportunidades),2025-03-11T12:21:54Z,UCVEKr1uiurERtPiRR7mME4Q,H√©ctor Labarta,7162,2,45,UgxedYXRJZDN36b8t8d4AaABAg,@Miautasticos,Nadie como t√∫ para ense√±arlos a hacerlo bien. Ese curso me interesa mucho!!!,2025-03-11T12:42:45Z
3nbn-3e1rwI,C√≥mo Ser Visible en LinkedIn en 30 Minutos al D√≠a (Gu√≠a para Atraer Oportunidades),2025-03-11T12:21:54Z,UCVEKr1uiurERtPiRR7mME4Q,H√©ctor Labarta,7162,2,45,UgyriXMxFIRhMCf-1Ox4AaABAg,@BraveandPlay,"Brutal el v√≠deo!!! Me paso horas y horas en LinkedIn y veo que estaba haci√©ndolo fatal. 
Muchas gracias por darme esa informaci√≥n y esa orientaci√≥n.",2025-03-11T12:42:06Z
tvxy1Q4ATmM,Curso grupal online!,2025-03-05T15:10:34Z,UCVEKr1uiurERtPiRR7mME4Q,H√©ctor Labarta,525,3,1,UgywEnkK8Ucys_f9ocd4AaABAg,@hectorlabarta,"Recuerda enviar tu correo a info@kaizentalent.net o por privado en LinkedIn (H√©ctor Labarta Brustenga). 

Empezamos en breve el siguiente curso, y ya estamos cerrando plazas ¬øTe quedar√°s fuera?",2025-03-05T15:11:37Z
VVTmrU-zeyY,Preguntas ilegales en entrevista,2025-03-04T12:48:53Z,UCVEKr1uiurERtPiRR7mME4Q,H√©ctor Labarta,4024,0,2,Ugyu3g0LCNUKJ6GV3gt4AaABAg,@Conserjeria-dw7ww,NO....EN QU√â AFECTA A MI EMPRESA....LEYES DE MIERDA.,2025-03-06T08:20:38Z
Vh9DKnpza7s,LinkedIn sin experiencia. Tu primer empleo te espera ah√≠.,2025-02-18T12:38:03Z,UCVEKr1uiurERtPiRR7mME4Q,H√©ctor Labarta,977,0,7,Ugy7_fNLPiwVMJIs9kh4AaABAg,@kerhierstokohousen-gm7bz,"Es un gran v√≠deo; de gran valor para las personas que, como yo, todav√≠a no ha tenido una experiencia relevante en su sector. Posiblemente, el hecho de la visibilidad que ofrece Linkedin y a las publicaciones es lo que m√°s me echa para atr√°s; pues no soy muy bueno con ese tipo de cosas. De todas manera, estoy viendo como es que puedo aplicar todos los consejos que has mencionado en el video. Un saludo y gracias por la publicaci√≥n.",2025-05-27T15:59:04Z
Vh9DKnpza7s,LinkedIn sin experiencia. Tu primer empleo te espera ah√≠.,2025-02-18T12:38:03Z,UCVEKr1uiurERtPiRR7mME4Q,H√©ctor Labarta,977,1,7,UgwzQUwEvJ4n3lpae5V4AaABAg,@mariayolandacarazopadilla,"¬°Hola, H√©ctor! Hace pocos d√≠as te encontr√© por aqu√≠ y la verdad, me encant√≥ el enfoque que le das a c√≥mo manejar LinkedIn. Te cuento que estoy optimizando mi perfil porque deseo encontrar empleo remoto, y siento que, gracias a los valiosos conocimientos que compartes en cada video, podr√© alcanzar ese objetivo. ¬°Gracias miles por todo lo que aportas!

Me encantar√≠a saber si haces en vivos sobre LinkedIn para poder participar e interactuar contigo, ya que tengo algunas inquietudes y ser√≠a genial compartirlas en ese espacio.",2025-04-12T14:53:29Z
Vh9DKnpza7s,LinkedIn sin experiencia. Tu primer empleo te espera ah√≠.,2025-02-18T12:38:03Z,UCVEKr1uiurERtPiRR7mME4Q,H√©ctor Labarta,977,2,7,UgyUQyW2VZZRg8-sa8R4AaABAg,@starkgamer6038,"No entiendo muy bien por qu√© publicar me ayudara a conseguir un empleo pero investigare y lo intentar√©, *gracias!*",2025-03-14T07:09:34Z
Vh9DKnpza7s,LinkedIn sin experiencia. Tu primer empleo te espera ah√≠.,2025-02-18T12:38:03Z,UCVEKr1uiurERtPiRR7mME4Q,H√©ctor Labarta,977,1,7,UgwHLsvGepEiu-hH8Tl4AaABAg,@insomniadelusions,"Muchas gracias por compartir este contenido, me aclar√≥ muchas cosas. Un cari√±oso saludo para todos",2025-02-22T12:15:01Z
Vh9DKnpza7s,LinkedIn sin experiencia. Tu primer empleo te espera ah√≠.,2025-02-18T12:38:03Z,UCVEKr1uiurERtPiRR7mME4Q,H√©ctor Labarta,977,1,7,UgyE60dDzsUCjkgtuYB4AaABAg,@dapro48,"Muchas gracias como siempre por tu contenido, por tu esfuerzo, dedicaci√≥n y profesionalidad en cada v√≠deo y en cada directo. Todos tus v√≠deos son muy buenos y aprendo mucho, pero este es el que m√°s se adecua a mi situaci√≥n actual.
Muchas gracias, buen d√≠a y que vaya todo bien gente‚ù§",2025-02-18T20:12:56Z
vUyieI3yNik,Los Secretos del Titular PERFECTO en LinkedIn para 2025,2025-02-13T13:05:54Z,UCVEKr1uiurERtPiRR7mME4Q,H√©ctor Labarta,1418,0,8,Ugys3bQGbHXMV3cPvEh4AaABAg,@hectorlabarta,Empieza ya a crear un buen perfil de LinkedIn en: info1736889261.hotmart.host/regalo,2025-02-13T13:27:11Z
vUyieI3yNik,Los Secretos del Titular PERFECTO en LinkedIn para 2025,2025-02-13T13:05:54Z,UCVEKr1uiurERtPiRR7mME4Q,H√©ctor Labarta,1418,0,8,UgzfcyBw1Gdcdd_uGpl4AaABAg,@giovannigaleano1421,"""Muchas gracias, H√©ctor. ¬°Enhorabuena! No sab√≠a c√≥mo actualizar mi titular en LinkedIn, y este v√≠deo ha sido de gran ayuda. Es una verdadera bendici√≥n.",2025-05-16T16:06:19Z
vUyieI3yNik,Los Secretos del Titular PERFECTO en LinkedIn para 2025,2025-02-13T13:05:54Z,UCVEKr1uiurERtPiRR7mME4Q,H√©ctor Labarta,1418,0,8,Ugxhs9zEkGKoQt_RyLR4AaABAg,@monicacortes1845,"Hola H√©ctor, te saludo desde Ciudad de M√©xico y te agradezco much√≠simo el compartir esta informaci√≥n que vale oro. Seguir√© tus recomendaciones para iniciar en la b√∫squeda de un nuevo empleo (y has ganado una nueva suscriptora) üòä",2025-03-01T06:05:39Z
vUyieI3yNik,Los Secretos del Titular PERFECTO en LinkedIn para 2025,2025-02-13T13:05:54Z,UCVEKr1uiurERtPiRR7mME4Q,H√©ctor Labarta,1418,0,8,UgzFJQuClMiWPBfkixh4AaABAg,@juanantonioandreo2296,"Muchas gracias H√©ctor, acabo de actualizar mi titular de LinkedIn y este v√≠deo de ha sido muy √∫til.",2025-02-17T11:21:54Z
vUyieI3yNik,Los Secretos del Titular PERFECTO en LinkedIn para 2025,2025-02-13T13:05:54Z,UCVEKr1uiurERtPiRR7mME4Q,H√©ctor Labarta,1418,0,8,UgxnermjaSffHkJwAm54AaABAg,@BraveandPlay,"Brutal, ten√≠a un titular fatal√≠tico, ahora ya puedo crear uno que me ayude a que me entiendan. 
Muchas gracias como siempre. 
Excelente v√≠deo.",2025-02-13T13:09:44Z
vUyieI3yNik,Los Secretos del Titular PERFECTO en LinkedIn para 2025,2025-02-13T13:05:54Z,UCVEKr1uiurERtPiRR7mME4Q,H√©ctor Labarta,1418,0,8,Ugysr5uMoDfs3sYFrQB4AaABAg,@Miautasticos,"Ya tengo el de autoconocimiento, la verdad es que me fue s√∫per bien!! Me ayud√≥ much√≠simo a no ir tan desorientada en mi b√∫squeda.  
Ahora soy una profesional bien definida... Lo que me falta es que salga esa oferta. 

Gracias por este v√≠deo,  brutal.",2025-02-13T13:07:57Z
8cJ6ppQx4FY,cambia tu banner en LinkedIn,2025-02-07T14:00:09Z,UCVEKr1uiurERtPiRR7mME4Q,H√©ctor Labarta,917,0,5,UgyJtxtoz3xrK-l_ofx4AaABAg,@leya....,Hola puedes crear el v√≠deo completo. Con el paso a paso como crear la presentaci√≥n en Canva?. Las medidas de la presentacion en Canva es diferente.üòä,2025-03-28T06:03:47Z
8cJ6ppQx4FY,cambia tu banner en LinkedIn,2025-02-07T14:00:09Z,UCVEKr1uiurERtPiRR7mME4Q,H√©ctor Labarta,917,1,5,Ugx6pLI6rOo2BaZsyBB4AaABAg,@amaltea55,"Hola, c√≥mo estas? Solo me deja subir una foto como banner de mi perfil en linkedin, c√≥mo puedo hacer para que me deje subir varias fotos como banner? Gracias. Tengo LinkedIn Premium.",2025-03-05T03:10:33Z
8cJ6ppQx4FY,cambia tu banner en LinkedIn,2025-02-07T14:00:09Z,UCVEKr1uiurERtPiRR7mME4Q,H√©ctor Labarta,917,0,5,UgyV7T0vgeLSSTwcE_F4AaABAg,@psicologa.veronicaocampo,solo se puede con linkedin pago?,2025-02-19T16:48:44Z
8cJ6ppQx4FY,cambia tu banner en LinkedIn,2025-02-07T14:00:09Z,UCVEKr1uiurERtPiRR7mME4Q,H√©ctor Labarta,917,0,5,UgxHljl6Lr7SjBkBU014AaABAg,@ocuenta5bunerito,Gracias üëèüèªüëèüèªüíØ,2025-02-12T11:48:41Z
zlAkan-di1s,¬øPor Qu√© El 99% De Las Postulaciones Laborales FRACASAN?,2025-02-07T08:46:20Z,UCVEKr1uiurERtPiRR7mME4Q,H√©ctor Labarta,609,0,1,UgyNEz7_JofJLsOaJNp4AaABAg,@ocuenta5bunerito,üëèüèªüëèüèªüíØ,2025-02-18T10:37:44Z
J8CPZmmqJWY,Mercadona trabajo. Empleo.,2025-02-02T10:13:14Z,UCVEKr1uiurERtPiRR7mME4Q,H√©ctor Labarta,88,2,1,UgwL1_mXmrRt5mjwga14AaABAg,@hectorlabarta,https://info.mercadona.es/es/actualidad/empleo-1/new-tag,2025-02-02T14:01:44Z
BXuoxWat3NI,Domina LinkedIn.,2025-01-31T14:26:23Z,UCVEKr1uiurERtPiRR7mME4Q,H√©ctor Labarta,397,0,5,UgyUBJEk3-TCrtte_MB4AaABAg,@r86a25,"Y como puedes hacer que personas de una empresa no te vean? B√°sicamente porque si trabajas para Heineken y ve tu jefe que est√°s buscando para cambiar de empresa... üòÖ
Muy buen ambiente no habr√° si es que no te echan antes como reprimenda...",2025-02-03T14:16:58Z
BXuoxWat3NI,Domina LinkedIn.,2025-01-31T14:26:23Z,UCVEKr1uiurERtPiRR7mME4Q,H√©ctor Labarta,397,0,5,UgwR9VI6dlf9pctHrWd4AaABAg,@dapro48,"Qu√© crack H√©ctor, mis mejores deseos para que el curso sea un √©xito y las personas lo disfruten, que seguro que est√° incre√≠ble.
Buen d√≠a y que vaya todo bien gente‚ù§",2025-02-02T08:46:24Z
BXuoxWat3NI,Domina LinkedIn.,2025-01-31T14:26:23Z,UCVEKr1uiurERtPiRR7mME4Q,H√©ctor Labarta,397,1,5,Ugx7DbjiS7zCH0Yr-DF4AaABAg,@administrativ4metas11,Excelente mensaje üì©,2025-02-01T09:31:09Z
BXuoxWat3NI,Domina LinkedIn.,2025-01-31T14:26:23Z,UCVEKr1uiurERtPiRR7mME4Q,H√©ctor Labarta,397,2,5,Ugxfrhushh_r0g3UO0N4AaABAg,@Miautasticos,Este curso cae!! Que creo que necesito mejorar en mi perfil de LinkedIn.,2025-01-31T14:56:06Z
eDhvU2ysQzc,üö® ¬øCansado/a de enviar CV sin resultados? LinkedIn.,2025-01-27T20:36:36Z,UCVEKr1uiurERtPiRR7mME4Q,H√©ctor Labarta,1380,0,6,UgyTiz8fXrDTauM3wNR4AaABAg,@LilianaGarcia-jv3vq,"Hola H√©ctor, yo me dediqu√© por muchos tiempo a Recursos Humanos y tengo una gran cantidad de conexiones en espa√±ol; desde hace unos a√±os estoy en Canada y tengo mi perfil en ingl√©s y franc√©s pero me siguen llegando un monton de notificaciones en espa√±ol.... me recomiendas eliminar mi perfil actual y crear otro perfil nuevo o qu√© me recomiendas hacer?",2025-02-04T15:35:03Z
eDhvU2ysQzc,üö® ¬øCansado/a de enviar CV sin resultados? LinkedIn.,2025-01-27T20:36:36Z,UCVEKr1uiurERtPiRR7mME4Q,H√©ctor Labarta,1380,1,6,Ugx5z0qgeb2gfCQtajt4AaABAg,@sandrapaulamarieiroferreir7658,"Muy buen video, cada uno que veo es aprendizaje. Gracias por estar ah√≠.",2025-01-28T07:23:33Z
eDhvU2ysQzc,üö® ¬øCansado/a de enviar CV sin resultados? LinkedIn.,2025-01-27T20:36:36Z,UCVEKr1uiurERtPiRR7mME4Q,H√©ctor Labarta,1380,3,6,Ugzt-SaQeuUiSvu0hWR4AaABAg,@dapro48,"Muchas gracias H√©ctor, muy buen v√≠deo.
Mucho √°nimo con todo gente, mis mejores deseos para todos y todas. Buen d√≠a y que les vaya todo bien ‚ù§",2025-01-27T21:56:07Z
eDhvU2ysQzc,üö® ¬øCansado/a de enviar CV sin resultados? LinkedIn.,2025-01-27T20:36:36Z,UCVEKr1uiurERtPiRR7mME4Q,H√©ctor Labarta,1380,2,6,UgyWUAlfAwEPRUJN0hZ4AaABAg,@Miautasticos,"Yo ya tengo mi curso y debo decir que me ha encantado. S√∫per √∫til.  
Much√≠simas gracias H√©ctor ‚ù§",2025-01-27T20:44:56Z
AjJxeZYNbsE,Mejora Tu Empleabilidad. Secretos para No Quedar Atr√°s,2025-01-18T10:25:39Z,UCVEKr1uiurERtPiRR7mME4Q,H√©ctor Labarta,207,1,1,UgzF8ME0_5n1HFjYNqF4AaABAg,@fmahave87,Conseguir trabajo es una loter√≠a...salvo que se tengan contactos.,2025-01-20T20:27:42Z
6AwNVsYA41Q,Dest√°cate en el Mercado Laboral  S√© esa Monta√±a √önica,2025-01-17T09:03:23Z,UCVEKr1uiurERtPiRR7mME4Q,H√©ctor Labarta,575,1,1,UgzBE3sBJ6FjppyMqK14AaABAg,@ocuenta5bunerito,üëèüèªüëèüèªüíØ,2025-02-02T16:43:10Z
cAjm9-Ta-k4,Descubre Tu Verdadera Identidad Profesional y Potencial,2025-01-09T06:51:37Z,UCVEKr1uiurERtPiRR7mME4Q,H√©ctor Labarta,470,0,1,UgwtLoV3szpJsmb7UOV4AaABAg,@peachc-s7c,"Que empleo ...
Y la vida que???
No se puede hacer esto ,
Si en 1960 la hubieran armado hoy la inteligencia artificial estar√≠a en la sociedad .
Mi vida es m√≠a y el tiempo lo mismo ,
Ya est√° bien, si par√°is todos paramos,
Yo no hago na, todo el d√≠a en el monte comiendo cacahuetes y pl√°tanos ,
Antes la muerte que regalar mi vida",2025-01-09T14:43:09Z
krZ-27mjtxA,ALDI Empleo Trabajo. #empleo #trabajo,2025-01-04T19:00:32Z,UCVEKr1uiurERtPiRR7mME4Q,H√©ctor Labarta,628,0,2,Ugy-KXfs1wYeZY-QBwJ4AaABAg,@GabrielGarcia-im6nu,Hay algo en Algeciras?,2025-01-04T19:50:54Z
2RC85gYnhPc,"El Corte ingl√©s. Trabajo, empleo.",2025-01-02T09:54:11Z,UCVEKr1uiurERtPiRR7mME4Q,H√©ctor Labarta,574,3,2,Ugwn-EBjOTm5u4IPCbN4AaABAg,@hectorlabarta,https://empleo.elcorteingles.es/search/?createNewAlert=false&q=&locationsearch=,2025-01-02T09:54:35Z
2RC85gYnhPc,"El Corte ingl√©s. Trabajo, empleo.",2025-01-02T09:54:11Z,UCVEKr1uiurERtPiRR7mME4Q,H√©ctor Labarta,574,0,2,Ugw39x1HUi4qATUO9UV4AaABAg,@juanybcoybacuo4313,"El corte ingles busca explotar al trabajador, domingos a precio de lunes, conciliaci√≥n familiar precaria y horarios abusivos adem√°s de partidos",2025-01-07T17:00:27Z
goMwlRD6c74,LinkedIn en 3 minutos: Crea un perfil profesional que destaque,2025-01-01T18:48:10Z,UCVEKr1uiurERtPiRR7mME4Q,H√©ctor Labarta,15306,0,26,UgzLgGcKbIJA2Xi1Jvx4AaABAg,@nahuelmonteagudo9282,"Siento cierta informaci√≥n no es clara, se siente como lo siguiente:
-¬øC√≥mo hago un perfil en linkedin?
- Que sea profesional xD",2025-05-31T15:08:55Z
goMwlRD6c74,LinkedIn en 3 minutos: Crea un perfil profesional que destaque,2025-01-01T18:48:10Z,UCVEKr1uiurERtPiRR7mME4Q,H√©ctor Labarta,15306,0,26,Ugw8iTJqlHdXYS0zIzd4AaABAg,@raquewilliams9749,Muchas gracias ! Buen√≠sima y clar√≠sima la info!,2025-05-23T15:24:01Z
goMwlRD6c74,LinkedIn en 3 minutos: Crea un perfil profesional que destaque,2025-01-01T18:48:10Z,UCVEKr1uiurERtPiRR7mME4Q,H√©ctor Labarta,15306,0,26,UgwUOdpuXV8n8-c42jR4AaABAg,@jaramelo1,Linkedin no sirve para nada,2025-05-05T14:21:35Z
goMwlRD6c74,LinkedIn en 3 minutos: Crea un perfil profesional que destaque,2025-01-01T18:48:10Z,UCVEKr1uiurERtPiRR7mME4Q,H√©ctor Labarta,15306,1,26,UgyZK50hrYHiiwzJxVV4AaABAg,@NavalEngineerExplains,Muy buen video. Estoy armando el linkedin y necesitaba entender como funciona. Te ganaste el like!!,2025-04-02T03:03:47Z
goMwlRD6c74,LinkedIn en 3 minutos: Crea un perfil profesional que destaque,2025-01-01T18:48:10Z,UCVEKr1uiurERtPiRR7mME4Q,H√©ctor Labarta,15306,1,26,UgxSE82OYfmHn6HjCaF4AaABAg,@consueloflores4901,Muy bueno!! Gracias,2025-03-05T01:42:58Z
goMwlRD6c74,LinkedIn en 3 minutos: Crea un perfil profesional que destaque,2025-01-01T18:48:10Z,UCVEKr1uiurERtPiRR7mME4Q,H√©ctor Labarta,15306,4,26,UgyGTBZ_ozss_OozEv54AaABAg,@franciscoactuaria,"0.-Definir que eres profesionalmente
1.-Foto profesional: Fondo blanco y camisa
2.-Banner: Imagen que represente tu sector
3.-Titulo: Destacar lo que aportas  
4.-Acerca de: Quien eres y que haces, logros y diferencias y que buscas y como contactarte
5.-Experienca: Extenderse en las funciones y logros obtenidos  con datos y logros para entender lo que ha echo laboralmente",2025-03-03T17:28:27Z
goMwlRD6c74,LinkedIn en 3 minutos: Crea un perfil profesional que destaque,2025-01-01T18:48:10Z,UCVEKr1uiurERtPiRR7mME4Q,H√©ctor Labarta,15306,2,26,UgxJotguoBWDiDJVMod4AaABAg,@maicollopezrey5337,"Tengo una pregunta, yo soy recien graduado y pues no tengo mucha experiencia en el campo.., como deber√≠a de ser mi banner o el acerca de si se trata de hablar de metricas",2025-02-05T22:16:34Z
goMwlRD6c74,LinkedIn en 3 minutos: Crea un perfil profesional que destaque,2025-01-01T18:48:10Z,UCVEKr1uiurERtPiRR7mME4Q,H√©ctor Labarta,15306,0,26,UgyNw1s5nPwaLj_X-KB4AaABAg,@OmarRodriguez-en3gh,"Y si aun no eres un profesional, porque no tienes la suficiente experiencia para decir que eres un profesional.",2025-01-22T18:35:52Z
goMwlRD6c74,LinkedIn en 3 minutos: Crea un perfil profesional que destaque,2025-01-01T18:48:10Z,UCVEKr1uiurERtPiRR7mME4Q,H√©ctor Labarta,15306,3,26,Ugw9JSClj6PGGA9Dwl54AaABAg,,"Soy muy fan del canal, he aplicado varios consejos en la creaci√≥n de mi perfil.",2025-01-15T04:57:54Z
goMwlRD6c74,LinkedIn en 3 minutos: Crea un perfil profesional que destaque,2025-01-01T18:48:10Z,UCVEKr1uiurERtPiRR7mME4Q,H√©ctor Labarta,15306,0,26,UgyVAofCQi2gvGaxgcZ4AaABAg,@0105alma,"Tengo una pregunta. En mi caso estoy en tesis de la carrera de Nutrici√≥n y quiero empezar a incursionar en mi carrera, pero actualmente me desempe√±o como operadora para una empresa, estar√≠a correcto incluir esa parte en mi perfil  o no ? C√≥mo manejar√≠a esa parte ? 

Espero me puedas responder üôè",2025-01-14T16:28:54Z
goMwlRD6c74,LinkedIn en 3 minutos: Crea un perfil profesional que destaque,2025-01-01T18:48:10Z,UCVEKr1uiurERtPiRR7mME4Q,H√©ctor Labarta,15306,0,26,Ugz0MdK-6iKANPGJflp4AaABAg,@dapro48,"Muchas gracias por todo H√©ctor, como siempre muy buen v√≠deo.
Feliz y pr√≥spero a√±o gente,  os deseo lo mejor ‚ù§",2025-01-03T19:04:34Z
goMwlRD6c74,LinkedIn en 3 minutos: Crea un perfil profesional que destaque,2025-01-01T18:48:10Z,UCVEKr1uiurERtPiRR7mME4Q,H√©ctor Labarta,15306,1,26,UgzWzUeTLaAMNz-N9Op4AaABAg,@javiersaura3692,"Hola H√©ctor si cuando le doy a crear un perfil de empresa me dice ¬®Funcionalidad no disponible
No tienes suficientes contactos para crear una p√°gina.¬®  y no puedo llegar a crear el perfil de empresa.
¬øEs que necesito que gente me a√±ada como amigos en LinkedIn antes de crear el perfil de empresa o algo as√≠?",2025-01-02T16:58:19Z
goMwlRD6c74,LinkedIn en 3 minutos: Crea un perfil profesional que destaque,2025-01-01T18:48:10Z,UCVEKr1uiurERtPiRR7mME4Q,H√©ctor Labarta,15306,0,26,UgzlEPCw52_8uBOZnop4AaABAg,@Miautasticos,"Como siempre, muchas gracias por toda la informaci√≥n que nos regalas. Un placer verte, me encanta ese fondo nuevo con las luces de fondo. ¬øRegalo de Pap√° Noel?",2025-01-01T18:55:39Z
goMwlRD6c74,LinkedIn en 3 minutos: Crea un perfil profesional que destaque,2025-01-01T18:48:10Z,UCVEKr1uiurERtPiRR7mME4Q,H√©ctor Labarta,15306,1,26,UgyS-NnEX34G5y4UwzF4AaABAg,@BraveandPlay,"Brutal v√≠deo como siempre, es cosa m√≠a o has mejorado el fondo tambi√©n? 
Feliz entrada de a√±o H√©ctor.",2025-01-01T18:52:45Z
0ZUvoV4770o,La importancia de las palabras clave en tu perfil,2024-12-28T08:51:47Z,UCVEKr1uiurERtPiRR7mME4Q,H√©ctor Labarta,633,0,2,UgyNroP4_UEuk2ro4vF4AaABAg,@ocuenta5bunerito,‚ù§,2024-12-30T11:27:00Z
0ZUvoV4770o,La importancia de las palabras clave en tu perfil,2024-12-28T08:51:47Z,UCVEKr1uiurERtPiRR7mME4Q,H√©ctor Labarta,633,0,2,UgxqVlc1qNra-2lSPXB4AaABAg,@BraveandPlay,Palabras clave 4ever!!,2024-12-28T09:28:08Z
uVtmlyC83GM,"FRESKIBO Trabajo, empleo.",2024-12-13T08:47:29Z,UCVEKr1uiurERtPiRR7mME4Q,H√©ctor Labarta,450,2,2,Ugx7QEhRwqtnuoz92n94AaABAg,@hectorlabarta,https://grupros.com/es/treballa.html,2024-12-13T08:48:35Z
uVtmlyC83GM,"FRESKIBO Trabajo, empleo.",2024-12-13T08:47:29Z,UCVEKr1uiurERtPiRR7mME4Q,H√©ctor Labarta,450,0,2,Ugylu5ypPOg78xL6O2F4AaABAg,@Miautasticos,No todo est√° en InfoJobs!!,2024-12-13T08:49:25Z
g7rSffEFzi8,"IKEA Trabajo, empleo",2024-12-09T16:37:37Z,UCVEKr1uiurERtPiRR7mME4Q,H√©ctor Labarta,609,0,2,Ugwl05k-uWscwEgL0O14AaABAg,@ocuenta5bunerito,Excelente,2025-01-01T16:10:19Z
g7rSffEFzi8,"IKEA Trabajo, empleo",2024-12-09T16:37:37Z,UCVEKr1uiurERtPiRR7mME4Q,H√©ctor Labarta,609,1,2,Ugww3BOjc2ZBa1lJicZ4AaABAg,@hectorlabarta,https://www.ikea.com/es/es/this-is-ikea/work-with-us/?msockid=0362c4fd52b06b121fd7d080539b6a26,2024-12-10T09:20:31Z
qLWETuQUsSA,Controla tu Feed de LinkedIn  ¬°No M√°s Publicaciones Aburridas!,2024-12-03T11:17:46Z,UCVEKr1uiurERtPiRR7mME4Q,H√©ctor Labarta,116,0,1,UgxVyB5OB8M-xveiFOl4AaABAg,@ocuenta5bunerito,üëèüèªüëèüèªüíØ,2025-01-01T16:10:33Z
Xz5cQ56AmG4,Ferrovial TRABAJO Espa√±a,2024-12-02T09:59:27Z,UCVEKr1uiurERtPiRR7mME4Q,H√©ctor Labarta,676,2,1,Ugze6op2hnTHpoPJST14AaABAg,@hectorlabarta,https://www.ferrovial.com/es-es/empleo/ofertas/,2024-12-02T10:14:52Z
XInPeVxhoK0,"C√≥mo crear un perfil de LinkedIn, f√°cil. Paso a paso y p√°gina de empresa en LinkedIn.",2024-12-01T08:30:14Z,UCVEKr1uiurERtPiRR7mME4Q,H√©ctor Labarta,1482,0,10,UgxDTnLUnkzy1BIYbXt4AaABAg,@ocuenta5bunerito,Gracias por el contenido.,2025-01-07T11:42:59Z
XInPeVxhoK0,"C√≥mo crear un perfil de LinkedIn, f√°cil. Paso a paso y p√°gina de empresa en LinkedIn.",2024-12-01T08:30:14Z,UCVEKr1uiurERtPiRR7mME4Q,H√©ctor Labarta,1482,0,10,UgwV_LSdz-L1b4cjXt54AaABAg,@miki_ross,"Hola H√©ctor! Gracias por el contenido, super interesante y de alto valor, as usual.
Pregunta desde el punto de vista del emprendedor: ¬øpor qu√© Linkedin no es una buena red social para publicar estos v√≠deos que publicas en YT? Entiendo que no lo haces por algo. Nos hablas un poco de esto y de c√≥mo trata el algoritmo sesual de LinkedIn el contenido de las cuentas de empresa‚Ä¶que contenidos son m√°s visibilizados y cu√°les atufan‚Ä¶",2024-12-10T08:56:26Z
XInPeVxhoK0,"C√≥mo crear un perfil de LinkedIn, f√°cil. Paso a paso y p√°gina de empresa en LinkedIn.",2024-12-01T08:30:14Z,UCVEKr1uiurERtPiRR7mME4Q,H√©ctor Labarta,1482,0,10,Ugyv73h4pPjd7pSwbt14AaABAg,@marxvalle,"¬°Hola! Muchas gracias por tu video, est√° incre√≠ble! Una pregunta, no encuentro el video que comentas sobre aspectos m√°s enfocados a estrategias de comunicaci√≥n y crecimiento, hashtags, posicionamiento, etc. ¬øPodr√≠as compart√≠rmelo por favor?",2024-12-02T22:45:39Z
XInPeVxhoK0,"C√≥mo crear un perfil de LinkedIn, f√°cil. Paso a paso y p√°gina de empresa en LinkedIn.",2024-12-01T08:30:14Z,UCVEKr1uiurERtPiRR7mME4Q,H√©ctor Labarta,1482,0,10,Ugw0Wvc3BU9Cp6TPYI14AaABAg,@JosephCarter-c1w,Gracias por la predicci√≥n! Solo una pregunta fuera de tema: Tengo una billetera SafePal con USDT y tengo la frase de recuperaci√≥n. (alarm fetch churn bridge exercise tape speak race clerk couch crater letter). ¬øPodr√≠as explicar c√≥mo moverlos a Binance?,2024-12-02T01:43:38Z
XInPeVxhoK0,"C√≥mo crear un perfil de LinkedIn, f√°cil. Paso a paso y p√°gina de empresa en LinkedIn.",2024-12-01T08:30:14Z,UCVEKr1uiurERtPiRR7mME4Q,H√©ctor Labarta,1482,7,10,Ugy88qEHnHoOhSj8ONl4AaABAg,@hectorlabarta,"Disculpad por la m√∫sica,  ha habido un problema con el programa de edici√≥n y no era consciente de lo alta que estaba. 
Espero que el v√≠deo, a pesar de eso os sea de utilidad.",2024-12-01T08:34:34Z
XVqnawSPwKs,ILUNION trabajo Espa√±a.,2024-11-26T13:58:46Z,UCVEKr1uiurERtPiRR7mME4Q,H√©ctor Labarta,1236,2,3,UgwRbHtIf0pj0Z0EFA54AaABAg,@hectorlabarta,https://ilunionretail.ofertas-trabajo.infojobs.net/ofertas,2024-11-26T14:09:31Z
XVqnawSPwKs,ILUNION trabajo Espa√±a.,2024-11-26T13:58:46Z,UCVEKr1uiurERtPiRR7mME4Q,H√©ctor Labarta,1236,0,3,Ugy6tI7zs5DukmFtQOV4AaABAg,@Josuegurrola,"Desde casa, pero presencial, es broma no?",2024-11-29T00:32:07Z
nO8pwo2lBhw,CLECE TRABAJO! ofertas.,2024-11-25T12:20:42Z,UCVEKr1uiurERtPiRR7mME4Q,H√©ctor Labarta,525,2,1,Ugwd5TjrEjXPJIITVGx4AaABAg,@hectorlabarta,https://www.canaldeempleo.es/CLECE/search/?createNewAlert=false&q=&locationsearch=&optionsFacetsDD_title=&optionsFacetsDD_department=&optionsFacetsDD_facility=,2024-11-25T12:24:31Z
0zzJoY7zTa0,¬øEst√°s cometiendo este error fatal al buscar trabajo? (El networking es la clave),2024-11-21T17:45:01Z,UCVEKr1uiurERtPiRR7mME4Q,H√©ctor Labarta,896,1,10,UgyMS3Qz0HrgQnqlECR4AaABAg,@dapro48,"Muchas gracias H√©ctor por el v√≠deo, es un tema muy interesante y de gran relevancia.
Muchas gracias por todo, buen d√≠a y que vaya todo bien gente‚ù§",2024-11-22T16:32:57Z
0zzJoY7zTa0,¬øEst√°s cometiendo este error fatal al buscar trabajo? (El networking es la clave),2024-11-21T17:45:01Z,UCVEKr1uiurERtPiRR7mME4Q,H√©ctor Labarta,896,2,10,Ugxp7gIEMaYFW3vTH9F4AaABAg,@matias-txt,"Excelentes tus contenidos y tu estilo siempre divertido de comunicarlos. Claro, como dices, ser√≠a interesante un video espec√≠fico sobre el mercado oculto. Una idea, tambi√©n, para alg√∫n video pr√≥ximo: si puedes hacer un contenido sobre c√≥mo es el modo adecuado de completar las skills-aptitudes en LinkedIn. Porque  no me queda claro si, teniendo el perfil armado en espa√±ol, deben completarse en ingl√©s o espa√±ol o es indistinto, o se puede hacer un mix de ambos idiomas, y me encuentro con distintas versiones al respecto. Porque hay skills que predeterminadamente figuran en ingl√©s y no en espa√±ol a veces. Saludos desde Argentina! #TeamAsado ü§ó",2024-11-22T13:33:47Z
0zzJoY7zTa0,¬øEst√°s cometiendo este error fatal al buscar trabajo? (El networking es la clave),2024-11-21T17:45:01Z,UCVEKr1uiurERtPiRR7mME4Q,H√©ctor Labarta,896,3,10,UgyDa1rnuHvoyBblyC54AaABAg,@mirirueda83,"H√©ctor pesar de la voz de camionero se aprende mucho contigo üòäüòÖ
Me interesa mucho saber m√°s del mercado oculto y de las auto candidaturas",2024-11-22T12:15:58Z
0zzJoY7zTa0,¬øEst√°s cometiendo este error fatal al buscar trabajo? (El networking es la clave),2024-11-21T17:45:01Z,UCVEKr1uiurERtPiRR7mME4Q,H√©ctor Labarta,896,1,10,UgwUN6RH_tQPecfDYaJ4AaABAg,@braispineiro1441,"Dos lecciones principales que he aprendido de este v√≠deo:

1. El networking es muy importante 

2. Hay que sacrificarse por los dem√°s y disfrutar los fin de semanasüòÇ

PD: si alg√∫n d√≠a quieres invitar a un suscriptor contigo, sin problema üòâü§£",2024-11-21T22:49:39Z
0zzJoY7zTa0,¬øEst√°s cometiendo este error fatal al buscar trabajo? (El networking es la clave),2024-11-21T17:45:01Z,UCVEKr1uiurERtPiRR7mME4Q,H√©ctor Labarta,896,0,10,UgxlPOlztg6uePLzPHt4AaABAg,@cgvelarde,"Primer comentario, vi tu link por LinkedIn!!",2024-11-21T17:53:43Z
GDhFS2KLXyw,¬øC√≥mo hacer que tu jefe no se entere de lo que haces en LinkedIn?,2024-11-14T13:00:55Z,UCVEKr1uiurERtPiRR7mME4Q,H√©ctor Labarta,105,0,1,Ugw8BB8MUnCkiXqNUZV4AaABAg,@Miautasticos,Que crack!! Gracias por los truquitos.,2024-11-14T13:15:22Z
1jr0Bt-hp-s,¬øC√≥mo valorar un cambio de empleo?,2024-11-13T16:30:36Z,UCVEKr1uiurERtPiRR7mME4Q,H√©ctor Labarta,809,0,1,Ugx3kEVNvn-oVSlnUiR4AaABAg,@ocuenta5bunerito,"muchas gracias , muy bueno !!",2025-01-07T12:14:53Z
G4JZV4g_MtY,LinkedIn  ¬°Transforma tu Estrategia y Destaca!,2024-10-30T07:30:08Z,UCVEKr1uiurERtPiRR7mME4Q,H√©ctor Labarta,296,0,3,Ugy7fQ45Msp12mheQYh4AaABAg,@ocuenta5bunerito,Me encanta üëèüèªüëèüèªüíØ,2025-01-01T16:14:18Z
G4JZV4g_MtY,LinkedIn  ¬°Transforma tu Estrategia y Destaca!,2024-10-30T07:30:08Z,UCVEKr1uiurERtPiRR7mME4Q,H√©ctor Labarta,296,0,3,Ugxm4dUn3XlLZbEz03t4AaABAg,@JuanPerez-lg8yl,Al final linkedin es un tinder para empresas... Paso...,2024-10-31T16:31:48Z
8lWoUm87-mE,¬°Impulsa tu carrera con LinkedIn y crea conexiones poderosas!,2024-10-29T07:30:04Z,UCVEKr1uiurERtPiRR7mME4Q,H√©ctor Labarta,119,0,1,UgydhnGkz-5joXS5H7t4AaABAg,@ocuenta5bunerito,üëèüèªüëèüèªüíØ,2025-01-01T16:14:29Z
gZ2vMu81qNE,¬°NOMINADO para HR Influencer 2024! Necesito tu ayuda!,2024-10-16T09:51:34Z,UCVEKr1uiurERtPiRR7mME4Q,H√©ctor Labarta,135,2,9,UgyAJIWiByEwXR-KSiF4AaABAg,@hectorlabarta,"https://mktg.gointegro.com/hrinfluencers-votacion-es-2024

Muchas gracias por vuestro apoyo!",2024-10-16T09:52:01Z
gZ2vMu81qNE,¬°NOMINADO para HR Influencer 2024! Necesito tu ayuda!,2024-10-16T09:51:34Z,UCVEKr1uiurERtPiRR7mME4Q,H√©ctor Labarta,135,1,9,UgxRqrgDzkbA98SWtgZ4AaABAg,@dapro48,"Enhorabuena, muy merecido, hay mucho trabajo, esfuerzo y dedicaci√≥n.
√Ånimo y suerte H√©ctor, mis mejores deseos. Buen d√≠a y que vaya todo bien gente‚ù§",2024-10-16T14:35:30Z
gZ2vMu81qNE,¬°NOMINADO para HR Influencer 2024! Necesito tu ayuda!,2024-10-16T09:51:34Z,UCVEKr1uiurERtPiRR7mME4Q,H√©ctor Labarta,135,1,9,UgzhGwnCzgD_Ldt08Kt4AaABAg,@pilaraguilera9797,"Acabo de votarte.
Te lo gana a pulso cada d√≠a.üòä",2024-10-16T11:54:38Z
gZ2vMu81qNE,¬°NOMINADO para HR Influencer 2024! Necesito tu ayuda!,2024-10-16T09:51:34Z,UCVEKr1uiurERtPiRR7mME4Q,H√©ctor Labarta,135,1,9,UgyT-RDHyN_ED99Zk-x4AaABAg,@BraveandPlay,Ninguna duda que tienes mi voto!! a ver si lo he hecho bien :S,2024-10-16T09:55:05Z
gZ2vMu81qNE,¬°NOMINADO para HR Influencer 2024! Necesito tu ayuda!,2024-10-16T09:51:34Z,UCVEKr1uiurERtPiRR7mME4Q,H√©ctor Labarta,135,1,9,UgwRy8gSDNxYK_at9jR4AaABAg,@Miautasticos,"Mi voto ya lo tienes!!! Muchas gracias por todo y felicidades por esa nominaci√≥n,  te mereces ganarla!!!",2024-10-16T09:54:14Z
Kku-ND92bv8,Acepta tus Errores y Mejora Tu B√∫squeda Laboral.,2024-10-14T16:00:18Z,UCVEKr1uiurERtPiRR7mME4Q,H√©ctor Labarta,468,0,3,Ugxrjx30DgaMqlMBRLB4AaABAg,@ocuenta5bunerito,Tienes razon,2024-10-19T08:23:18Z
Kku-ND92bv8,Acepta tus Errores y Mejora Tu B√∫squeda Laboral.,2024-10-14T16:00:18Z,UCVEKr1uiurERtPiRR7mME4Q,H√©ctor Labarta,468,0,3,Ugy3TVb4pUNuT6BXX4R4AaABAg,@JoseEnr√≠quezRojas,Tienes razon,2024-10-14T18:33:22Z
fol7SVKe63M,C√≥mo Evitar la Decepci√≥n en una Entrevista de Trabajo,2024-10-11T08:00:33Z,UCVEKr1uiurERtPiRR7mME4Q,H√©ctor Labarta,1911,0,1,Ugx2Tzr1zTCzptzWTex4AaABAg,@SiodogRehane,"""Ya te llamaremos""",2024-10-13T13:49:47Z
S9v9ghClzTI,Comparte tu c√≥digo QR de LinkedIn con otras personas.,2024-10-02T15:04:45Z,UCVEKr1uiurERtPiRR7mME4Q,H√©ctor Labarta,1259,0,2,UgwGjFkhYRGrtBHJV2J4AaABAg,@pablomilani5601,M√°s despacio maestro,2024-10-03T21:35:14Z
IWYWm20oyf4,¬øLa Inteligencia Artificial te quitar√° el trabajo? Los 4 canallas (L4C),2024-09-27T06:21:56Z,UCVEKr1uiurERtPiRR7mME4Q,H√©ctor Labarta,117,0,1,UgxLs-7xXHhDFt9cqo54AaABAg,@rodrigojuri82,"Va a reemplazar casi todos los trabajos. RRHH? Si no necesito trabajadores, no necesito RRHH. Pero esto es bueno. Porque el 80% del costo promedio de bienes y servicios es salario. Lo importante es que esta reducci√≥n de costos se traduzca en precios. Y si el costo de la vida llega a un cuarto del actual... la UBI es una realidad posible.",2024-09-29T11:33:41Z
BkECx_9R8HY,"C√≥mo Convertirte en LinkedIn Top Voice,  Gu√≠a Definitiva.",2024-09-23T07:00:06Z,UCVEKr1uiurERtPiRR7mME4Q,H√©ctor Labarta,541,0,1,Ugz6xD3OTvSm_Ub116x4AaABAg,@hectorlabarta,LinkedIn Top VOICE!!! Que mala es la IA para generar subt√≠tulos madre m√≠a üòÇüòÇüòÇ,2024-09-23T10:07:21Z
JIK3CPNQO48,¬øQuieres un trabajo remoto? Optimiza tu perfil de LinkedIn en 10 minutos,2024-09-19T18:48:27Z,UCVEKr1uiurERtPiRR7mME4Q,H√©ctor Labarta,3207,0,19,UgxfIWsXYmLMx-1yUbx4AaABAg,@Nicolas_Cam,"Hola Hector, muchas gracias por este video. En mi caso vivo en M√°laga y como aqui no hay mucho empleo profesional presencial, me postulo a empleos remotos. Me interesa adem√°s saber como hago para cambiar de rubro de empleo, por ejemplo una persona que trabaj√≥ toda su vida de Dise√±ador y ahora quiere postularse a otro rubro de empleo ¬øUtilizo mi curriculum de siempre o hago otro? ¬øC√≥mo podr√≠a informar en mi curriculum que estoy en proceso de un cambio profesional?. Gracias y Saludos!.",2024-10-02T11:11:44Z
JIK3CPNQO48,¬øQuieres un trabajo remoto? Optimiza tu perfil de LinkedIn en 10 minutos,2024-09-19T18:48:27Z,UCVEKr1uiurERtPiRR7mME4Q,H√©ctor Labarta,3207,2,19,UgwSEToWbof0A1VT3C94AaABAg,@AquilinoManitas,"Muchas gracias por tu contenido, tengo Linkedin hace muy poco y la verdad que no tengo ni idea de como funciona, espero aprender mucho, in saludo üëçüèªüëçüèª",2024-09-29T08:03:30Z
JIK3CPNQO48,¬øQuieres un trabajo remoto? Optimiza tu perfil de LinkedIn en 10 minutos,2024-09-19T18:48:27Z,UCVEKr1uiurERtPiRR7mME4Q,H√©ctor Labarta,3207,0,19,UgyOYxr98bA-TosqGtl4AaABAg,@JulioMartinez-xn6ez,"Hola Hector, muchas felicidades por el contenido, gracias por compartir.

Sigan a Hector en su perfil de LinkedIn,  no tiene desperdicio.

√âxito üôå a todos",2024-09-21T15:42:07Z
JIK3CPNQO48,¬øQuieres un trabajo remoto? Optimiza tu perfil de LinkedIn en 10 minutos,2024-09-19T18:48:27Z,UCVEKr1uiurERtPiRR7mME4Q,H√©ctor Labarta,3207,0,19,UgxIIYnGQV1X9C-ThGl4AaABAg,@maurovsp,"hola Hector , tu podrias analizar mi perfil de linkedin .? das ese servicio?",2024-09-20T15:33:31Z
JIK3CPNQO48,¬øQuieres un trabajo remoto? Optimiza tu perfil de LinkedIn en 10 minutos,2024-09-19T18:48:27Z,UCVEKr1uiurERtPiRR7mME4Q,H√©ctor Labarta,3207,0,19,Ugy0fLWd7SYerzql8el4AaABAg,@santiagonerecan7596,"Muy positivo y constructivo video ,gracias",2024-09-20T08:22:33Z
JIK3CPNQO48,¬øQuieres un trabajo remoto? Optimiza tu perfil de LinkedIn en 10 minutos,2024-09-19T18:48:27Z,UCVEKr1uiurERtPiRR7mME4Q,H√©ctor Labarta,3207,0,19,Ugx_mpLFDFyf8jh9aRt4AaABAg,@manu_g4821,Eres un fen√≥meno!!!,2024-09-20T07:59:49Z
JIK3CPNQO48,¬øQuieres un trabajo remoto? Optimiza tu perfil de LinkedIn en 10 minutos,2024-09-19T18:48:27Z,UCVEKr1uiurERtPiRR7mME4Q,H√©ctor Labarta,3207,0,19,Ugx-6EKQ24YJo9h4tlR4AaABAg,@c.veronica2370,"¬°Gracias H√©ctor!! Una consulta, ¬øsabes c√≥mo puedo ordenar las aptitudes? He dado a los tres puntos suspensivos, te abre el icono de ""cambiar el orden"" pero no te deja moverlas. Un saludo!",2024-09-19T20:57:28Z
JIK3CPNQO48,¬øQuieres un trabajo remoto? Optimiza tu perfil de LinkedIn en 10 minutos,2024-09-19T18:48:27Z,UCVEKr1uiurERtPiRR7mME4Q,H√©ctor Labarta,3207,0,19,UgwQcr9uu4qHaFWnsV54AaABAg,@Miautasticos,"Gracias como siempre,  un placer leerte y verte!! Lo pongo en practica a la de ya!!!",2024-09-19T19:04:01Z
JIK3CPNQO48,¬øQuieres un trabajo remoto? Optimiza tu perfil de LinkedIn en 10 minutos,2024-09-19T18:48:27Z,UCVEKr1uiurERtPiRR7mME4Q,H√©ctor Labarta,3207,0,19,Ugzqu3dRiY4gVQBBu3Z4AaABAg,@BraveandPlay,"Muchas gracias por esos puntitos!! me he re√≠do mucho con lo de Patricia Iglesias. 
Los pongo en pr√°ctica!! abrazoossssss",2024-09-19T19:03:22Z
OyQqXf8QXY4,Nuevos Cambios en LinkedIn  Amplificaci√≥n de Contenido Profesional,2024-09-17T08:00:29Z,UCVEKr1uiurERtPiRR7mME4Q,H√©ctor Labarta,584,0,2,UgzBndziqunW1o7rBlF4AaABAg,@ocuenta5bunerito,gracias!,2024-09-27T14:40:11Z
5bo6nrHpt7M,C√≥mo Brindar la Mejor Primer Impresi√≥n en Entrevistas,2024-09-14T07:18:38Z,UCVEKr1uiurERtPiRR7mME4Q,H√©ctor Labarta,726,0,5,Ugz1Y19RP6gtl0LV4WR4AaABAg,@ajerembritoarmas5881,"Me das problemas, no soluciones.",2024-09-14T09:07:04Z
6xOnPcIVHic,H√°blame de ti ¬øC√≥mo responder de forma exitosa en una entrevista?,2024-09-14T06:45:25Z,UCVEKr1uiurERtPiRR7mME4Q,H√©ctor Labarta,7996,0,26,UgzHpnCZag5aj-Qb-id4AaABAg,@vanessavasquez5293,"Hola,  H√©ctor,  el jueves tengo una entrevista para un puesto de suplencia, el trabajo me interesa, no tengo mucha experiencia solo las pr√°cticas,  es para un centro m√©dico en la recepci√≥n,  no s√© qu√© decir si me preguntan porque quiero el trabajo si s√© que es para cubrir una baja .",2025-04-01T18:01:39Z
6xOnPcIVHic,H√°blame de ti ¬øC√≥mo responder de forma exitosa en una entrevista?,2024-09-14T06:45:25Z,UCVEKr1uiurERtPiRR7mME4Q,H√©ctor Labarta,7996,0,26,UgwLC5f4uLcM4hugbQJ4AaABAg,@yulibocanegra2431,"Hola, gracias por este video vera que si me a servido y no ten√≠a ni idea de este hablame de ty en una entrevista.me la hicieron hace poko y no supe contestarla bien",2025-03-29T23:25:16Z
6xOnPcIVHic,H√°blame de ti ¬øC√≥mo responder de forma exitosa en una entrevista?,2024-09-14T06:45:25Z,UCVEKr1uiurERtPiRR7mME4Q,H√©ctor Labarta,7996,5,26,Ugw-tkUXOdcfM2gDq_d4AaABAg,@Glliam1980,"Deb√≠ haber visto esto antes, justo hoy tuve una entrevista y creo que no caus√© ninguna impresi√≥n en el entrevistador. Esa bendita pregunta de 'h√°blame de ti' me paraliza. Ma√±ana tengo otra,  espero tener mas dominio y poder enfocarme y controlar mis nervios.ü§¶‚Äç‚ôÄÔ∏èüòí Mi problema es que no tengo tanta experiencia laboral, entonces no tengo mucho que abundar en esa pregunta.",2025-03-21T01:28:59Z
6xOnPcIVHic,H√°blame de ti ¬øC√≥mo responder de forma exitosa en una entrevista?,2024-09-14T06:45:25Z,UCVEKr1uiurERtPiRR7mME4Q,H√©ctor Labarta,7996,0,26,Ugw2C_R_VCgxMiRxX394AaABAg,@Cuentacuentitacontando,"√Årmate un video de ""preguntas trampa en las entrevistas"", por favor üôÉ",2025-03-04T07:27:25Z
6xOnPcIVHic,H√°blame de ti ¬øC√≥mo responder de forma exitosa en una entrevista?,2024-09-14T06:45:25Z,UCVEKr1uiurERtPiRR7mME4Q,H√©ctor Labarta,7996,1,26,UgxjTGBJPRmMYxW6CGN4AaABAg,@Necrosia13,"Muy √∫til el video, aunque no se muy bien como plantear el tema de los logros  en mi caso, ya que todos mis trabajos han sido los mal llamados ''de baja cualificaci√≥n'' y en puestos de poca o nula responsabilidad. ¬øQu√© se  podr√≠a decir en estos casos?",2025-02-07T12:46:05Z
6xOnPcIVHic,H√°blame de ti ¬øC√≥mo responder de forma exitosa en una entrevista?,2024-09-14T06:45:25Z,UCVEKr1uiurERtPiRR7mME4Q,H√©ctor Labarta,7996,3,26,UgyMUFwBkboOegRgc5l4AaABAg,@c.veronica2370,"Querido H√©ctor, s√≥lo te escribo para agradecerte por tus videos, tus consejos y tu BUENA ONDA, ¬°¬°¬°que siempre nos trasmites!!! Anoche me han confirmado que tengo trabajo nuevo (luego de 1 a√±o y 2 meses de dura b√∫squeda) .  ¬°¬°¬°Un abrazo grande!!!",2024-11-27T15:32:06Z
6xOnPcIVHic,H√°blame de ti ¬øC√≥mo responder de forma exitosa en una entrevista?,2024-09-14T06:45:25Z,UCVEKr1uiurERtPiRR7mME4Q,H√©ctor Labarta,7996,0,26,Ugx9BDx6ywmbA4Hj-hp4AaABAg,@c.veronica2370,"Muchas gracias H√©ctor  !!  Queria consultarte por otras preguntas que me han hecho en una entrevista de trabajo y realmente no supe muy bien qu√© contestar.
Prefieres trabajar solo o en equipo?
C√≥mo seria tu jefe ideal?
Qu√© es lo que no soportas de tu/tus compa√±eros?
Desde ya, muchas gracias",2024-10-11T12:49:50Z
6xOnPcIVHic,H√°blame de ti ¬øC√≥mo responder de forma exitosa en una entrevista?,2024-09-14T06:45:25Z,UCVEKr1uiurERtPiRR7mME4Q,H√©ctor Labarta,7996,1,26,Ugxc381f1Zg10u-yG-Z4AaABAg,@braispineiro1441,Este v√≠deo me lo voy a guardar bien que tarde o temprano est√° claro que me va a hacer faltaüòâ,2024-09-22T08:11:31Z
6xOnPcIVHic,H√°blame de ti ¬øC√≥mo responder de forma exitosa en una entrevista?,2024-09-14T06:45:25Z,UCVEKr1uiurERtPiRR7mME4Q,H√©ctor Labarta,7996,0,26,UgzHGirIGMbzuKWK8jp4AaABAg,@adriancrespo9975,"En una entrevista para un trabajo , el futuro empleador no puede decir que quiere dinero xd. En fin",2024-09-18T13:34:55Z
6xOnPcIVHic,H√°blame de ti ¬øC√≥mo responder de forma exitosa en una entrevista?,2024-09-14T06:45:25Z,UCVEKr1uiurERtPiRR7mME4Q,H√©ctor Labarta,7996,0,26,UgziwCdEVmvzaledpNh4AaABAg,@Alex-eq1cs,"Pues a partir de ahora, voy a responder ""deberia ser m√°s concreto"".",2024-09-17T18:13:54Z
6xOnPcIVHic,H√°blame de ti ¬øC√≥mo responder de forma exitosa en una entrevista?,2024-09-14T06:45:25Z,UCVEKr1uiurERtPiRR7mME4Q,H√©ctor Labarta,7996,0,26,UgyiN0aRAGrgC5lWWR94AaABAg,@lucasgermanfarias,Muy bueno. Hay otra pregunta tambi√©n que es ‚Äúpor qu√© te fuiste de la otra empresa? Por qu√© renunciaste?‚Äù,2024-09-15T12:41:13Z
6xOnPcIVHic,H√°blame de ti ¬øC√≥mo responder de forma exitosa en una entrevista?,2024-09-14T06:45:25Z,UCVEKr1uiurERtPiRR7mME4Q,H√©ctor Labarta,7996,0,26,UgwCMsXMGAN44OHSJSV4AaABAg,@Hellofranklinsegovia,Muy bien explicado H√©ctor! gracias,2024-09-14T13:13:27Z
6xOnPcIVHic,H√°blame de ti ¬øC√≥mo responder de forma exitosa en una entrevista?,2024-09-14T06:45:25Z,UCVEKr1uiurERtPiRR7mME4Q,H√©ctor Labarta,7996,0,26,Ugxuv4LjxZ0bMpJBtrh4AaABAg,@germancabanillas,Yo siempre me muerdo la lengua y no les cito la canci√≥n de Los Pecos.,2024-09-14T13:08:21Z
6xOnPcIVHic,H√°blame de ti ¬øC√≥mo responder de forma exitosa en una entrevista?,2024-09-14T06:45:25Z,UCVEKr1uiurERtPiRR7mME4Q,H√©ctor Labarta,7996,1,26,UgyZT7hbTEmwrQBNXu54AaABAg,@dapro48,"Buenos d√≠as, muchas gracias como siempre por todo el contenido que tanto nos ayuda, en este caso contenido referente a la entrevista, que es un momento crucial.
Buen d√≠a y que vaya todo bien gente, mis mejores deseos‚ù§",2024-09-14T06:58:20Z
RZ1UqFbTTs4,Impulsa tu Marca Personal  Estrategias Clave para el √âxito 1,2024-09-12T07:00:14Z,UCVEKr1uiurERtPiRR7mME4Q,H√©ctor Labarta,422,0,1,UgyMUeZNAekD3sAzzrJ4AaABAg,@Miautasticos,üòÇüòÇüòÇüòÇüòÇ deseando que llegue el fin de semana para hablar del tema,2024-09-12T09:31:58Z
zQ4eTyeFCuA,Beneficios de un Top Boys  ¬°Aumenta tu Visibilidad!,2024-09-07T15:01:00Z,UCVEKr1uiurERtPiRR7mME4Q,H√©ctor Labarta,305,2,1,Ugx_Qifavu8yUJcIhZt4AaABAg,@hectorlabarta,"Por cierto, disculpad los subt√≠tulos, la palabra es ""TOP Voice"". üòÖüòÖüòÖ",2024-09-07T20:40:26Z
